{"stats":{"minecraft:picked_up":{"minecraft:bone":2},"minecraft:used":{"minecraft:bread":5,"minecraft:stone_sword":6},"minecraft:killed_by":{"minecraft:skeleton":1},"minecraft:killed":{"minecraft:skeleton":1},"minecraft:custom":{"minecraft:jump":341,"minecraft:time_since_rest":1086,"minecraft:leave_game":1,"minecraft:deaths":1,"minecraft:damage_dealt":217,"minecraft:crouch_one_cm":235,"minecraft:walk_on_water_one_cm":3949,"minecraft:sprint_one_cm":25633,"minecraft:play_time":10832,"minecraft:damage_taken":444,"minecraft:time_since_death":1057,"minecraft:walk_one_cm":6200,"minecraft:sneak_time":200,"minecraft:total_world_time":10832,"minecraft:walk_under_water_one_cm":2406,"minecraft:mob_kills":1,"minecraft:swim_one_cm":3955,"minecraft:fall_one_cm":18171,"minecraft:fly_one_cm":90576}},"DataVersion":3465}