{"stats":{"minecraft:picked_up":{"minecraft:book":27,"minecraft:stick":8,"minecraft:crafting_table":1,"minecraft:brown_terracotta":8,"minecraft:torch":2,"minecraft:sand":19,"minecraft:dark_oak_log":3,"minecraft:string":1,"minecraft:dark_oak_planks":9,"minecraft:orange_terracotta":3,"minecraft:rotten_flesh":4,"minecraft:yellow_terracotta":2,"minecraft:terracotta":1,"minecraft:white_terracotta":1,"minecraft:lectern":1,"minecraft:sugar_cane":39,"minecraft:cobblestone":28},"minecraft:used":{"minecraft:brown_terracotta":8,"minecraft:stone_sword":25,"minecraft:stone_pickaxe":10,"minecraft:wooden_pickaxe":33,"minecraft:white_terracotta":1,"minecraft:rotten_flesh":4,"minecraft:stone_axe":6,"minecraft:torch":1,"minecraft:sand":9,"minecraft:cobblestone":2,"minecraft:yellow_terracotta":2,"minecraft:crafting_table":1,"minecraft:orange_terracotta":1},"minecraft:crafted":{"minecraft:stone_shovel":1,"minecraft:crafting_table":1,"minecraft:stick":4,"minecraft:wooden_pickaxe":1,"minecraft:stone_pickaxe":1,"minecraft:stone_sword":1,"minecraft:dark_oak_planks":12,"minecraft:stone_axe":1},"minecraft:killed":{"minecraft:zombie":4,"minecraft:zombie_villager":1},"minecraft:mined":{"minecraft:yellow_terracotta":2,"minecraft:white_terracotta":1,"minecraft:orange_terracotta":3,"minecraft:dark_oak_log":3,"minecraft:crafting_table":1,"minecraft:bookshelf":9,"minecraft:dead_bush":6,"minecraft:lectern":1,"minecraft:sand":11,"minecraft:cobweb":1,"minecraft:brown_terracotta":8,"minecraft:cobblestone":1,"minecraft:terracotta":1,"minecraft:stone":27,"minecraft:sugar_cane":16,"minecraft:wall_torch":2,"minecraft:dark_oak_planks":10},"minecraft:custom":{"minecraft:time_since_rest":18000,"minecraft:sprint_one_cm":29459,"minecraft:damage_taken":190,"minecraft:walk_one_cm":101097,"minecraft:mob_kills":5,"minecraft:damage_dealt":1071,"minecraft:swim_one_cm":4134,"minecraft:interact_with_crafting_table":3,"minecraft:fly_one_cm":77146,"minecraft:open_chest":2,"minecraft:crouch_one_cm":467,"minecraft:play_time":18000,"minecraft:sneak_time":230,"minecraft:walk_under_water_one_cm":67,"minecraft:jump":411,"minecraft:walk_on_water_one_cm":762,"minecraft:time_since_death":18000,"minecraft:total_world_time":18000,"minecraft:fall_one_cm":11369}},"DataVersion":3465}