{"stats":{"minecraft:picked_up":{"minecraft:book":27,"minecraft:stick":3,"minecraft:torch":2,"minecraft:sand":19,"minecraft:lectern":1,"minecraft:sugar_cane":39},"minecraft:used":{"minecraft:torch":1,"minecraft:sand":5},"minecraft:mined":{"minecraft:bookshelf":9,"minecraft:dead_bush":2,"minecraft:sand":11,"minecraft:lectern":1,"minecraft:sugar_cane":16,"minecraft:wall_torch":2},"minecraft:custom":{"minecraft:open_chest":2,"minecraft:time_since_rest":6000,"minecraft:crouch_one_cm":30,"minecraft:play_time":6000,"minecraft:sprint_one_cm":18101,"minecraft:damage_taken":10,"minecraft:walk_one_cm":7592,"minecraft:sneak_time":34,"minecraft:walk_under_water_one_cm":67,"minecraft:jump":171,"minecraft:time_since_death":6000,"minecraft:walk_on_water_one_cm":762,"minecraft:total_world_time":6000,"minecraft:swim_one_cm":4134,"minecraft:fall_one_cm":6562,"minecraft:fly_one_cm":51604}},"DataVersion":3465}