{"stats":{"minecraft:picked_up":{"minecraft:crafting_table":2,"minecraft:string":1,"minecraft:orange_terracotta":3,"minecraft:raw_gold":24,"minecraft:lectern":1,"minecraft:sugar_cane":39,"minecraft:furnace":3,"minecraft:book":27,"minecraft:stick":8,"minecraft:raw_iron":3,"minecraft:brown_terracotta":8,"minecraft:torch":2,"minecraft:sand":19,"minecraft:dark_oak_log":3,"minecraft:dark_oak_planks":23,"minecraft:arrow":2,"minecraft:rotten_flesh":4,"minecraft:yellow_terracotta":2,"minecraft:white_terracotta":1,"minecraft:terracotta":6,"minecraft:coal":24,"minecraft:rail":1,"minecraft:cobblestone":42},"minecraft:used":{"minecraft:stone_sword":29,"minecraft:stone_pickaxe":54,"minecraft:wooden_pickaxe":33,"minecraft:white_terracotta":1,"minecraft:rotten_flesh":4,"minecraft:torch":2,"minecraft:rail":1,"minecraft:sand":16,"minecraft:terracotta":3,"minecraft:yellow_terracotta":2,"minecraft:crafting_table":3,"minecraft:brown_terracotta":8,"minecraft:iron_pickaxe":25,"minecraft:stone_axe":16,"minecraft:cobblestone":6,"minecraft:furnace":3,"minecraft:orange_terracotta":3},"minecraft:crafted":{"minecraft:stone_shovel":1,"minecraft:crafting_table":2,"minecraft:wooden_pickaxe":1,"minecraft:furnace":3,"minecraft:stone_axe":1,"minecraft:air":0,"minecraft:stick":4,"minecraft:iron_ingot":3,"minecraft:iron_pickaxe":1,"minecraft:stone_pickaxe":1,"minecraft:stone_sword":1,"minecraft:dark_oak_planks":12},"minecraft:killed_by":{"minecraft:skeleton":1},"minecraft:killed":{"minecraft:zombie_villager":1,"minecraft:skeleton":1,"minecraft:zombie":4},"minecraft:mined":{"minecraft:dark_oak_planks":22,"minecraft:yellow_terracotta":2,"minecraft:orange_terracotta":3,"minecraft:dark_oak_log":3,"minecraft:crafting_table":2,"minecraft:dead_bush":6,"minecraft:lectern":1,"minecraft:cobblestone":1,"minecraft:sugar_cane":16,"minecraft:wall_torch":2,"minecraft:white_terracotta":1,"minecraft:furnace":3,"minecraft:iron_ore":3,"minecraft:bookshelf":9,"minecraft:coal_ore":24,"minecraft:sand":11,"minecraft:cobweb":1,"minecraft:brown_terracotta":8,"minecraft:terracotta":1,"minecraft:stone":42,"minecraft:gold_ore":24},"minecraft:custom":{"minecraft:interact_with_furnace":5,"minecraft:mob_kills":6,"minecraft:interact_with_crafting_table":5,"minecraft:time_since_death":3618,"minecraft:time_since_rest":3646,"minecraft:sprint_one_cm":59591,"minecraft:damage_taken":550,"minecraft:walk_one_cm":150466,"minecraft:damage_dealt":1545,"minecraft:swim_one_cm":11192,"minecraft:fly_one_cm":112983,"minecraft:open_chest":2,"minecraft:crouch_one_cm":2038,"minecraft:play_time":29986,"minecraft:deaths":2,"minecraft:sneak_time":989,"minecraft:walk_under_water_one_cm":1974,"minecraft:jump":647,"minecraft:walk_on_water_one_cm":4136,"minecraft:total_world_time":29986,"minecraft:fall_one_cm":19638}},"DataVersion":3465}