{"stats":{"minecraft:picked_up":{"minecraft:crafting_table":6,"minecraft:jungle_boat":2,"minecraft:water_bucket":1,"minecraft:golden_leggings":1,"minecraft:diamond_sword":1,"minecraft:gold_block":1,"minecraft:golden_boots":1,"minecraft:shield":1,"minecraft:gunpowder":2,"minecraft:lapis_lazuli":25,"minecraft:string":2,"minecraft:iron_axe":1,"minecraft:orange_terracotta":7,"minecraft:iron_leggings":1,"minecraft:red_sand":1,"minecraft:raw_gold":24,"minecraft:iron_ingot":22,"minecraft:oak_boat":3,"minecraft:iron_pickaxe":1,"minecraft:lectern":1,"minecraft:sugar_cane":39,"minecraft:oak_planks":46,"minecraft:iron_boots":1,"minecraft:furnace":3,"minecraft:book":27,"minecraft:stick":22,"minecraft:raw_iron":5,"minecraft:brown_terracotta":8,"minecraft:torch":3,"minecraft:jungle_planks":96,"minecraft:sand":19,"minecraft:carrot":1,"minecraft:dark_oak_log":3,"minecraft:dark_oak_planks":29,"minecraft:arrow":4,"minecraft:rotten_flesh":9,"minecraft:shears":2,"minecraft:iron_helmet":1,"minecraft:yellow_terracotta":3,"minecraft:gold_ingot":16,"minecraft:bread":50,"minecraft:white_terracotta":1,"minecraft:terracotta":26,"minecraft:coal":30,"minecraft:rail":2,"minecraft:cobblestone":48},"minecraft:used":{"minecraft:water_bucket":6,"minecraft:stone_sword":30,"minecraft:stone_pickaxe":83,"minecraft:oak_planks":14,"minecraft:iron_sword":8,"minecraft:wooden_pickaxe":40,"minecraft:white_terracotta":1,"minecraft:rotten_flesh":7,"minecraft:jungle_boat":2,"minecraft:torch":2,"minecraft:glow_berries":16,"minecraft:rail":1,"minecraft:sand":16,"minecraft:terracotta":26,"minecraft:yellow_terracotta":3,"minecraft:crafting_table":7,"minecraft:brown_terracotta":8,"minecraft:iron_axe":3,"minecraft:bread":2,"minecraft:iron_pickaxe":26,"minecraft:stone_axe":34,"minecraft:cobblestone":6,"minecraft:furnace":3,"minecraft:bucket":6,"minecraft:oak_boat":2,"minecraft:cooked_beef":5,"minecraft:orange_terracotta":3,"minecraft:iron_leggings":1},"minecraft:dropped":{"minecraft:iron_ingot":25,"minecraft:bread":31,"minecraft:stone_axe":2,"minecraft:stone_sword":1,"minecraft:raw_iron":2,"minecraft:rotten_flesh":2,"minecraft:jungle_planks":43,"minecraft:leather_helmet":1,"minecraft:diamond_sword":1,"minecraft:orange_terracotta":4,"minecraft:leather_boots":1,"minecraft:golden_leggings":1,"minecraft:leather_leggings":1,"minecraft:stone_pickaxe":2,"minecraft:wooden_pickaxe":1},"minecraft:crafted":{"minecraft:stone_shovel":1,"minecraft:crafting_table":2,"minecraft:jungle_boat":1,"minecraft:wooden_pickaxe":2,"minecraft:iron_sword":1,"minecraft:furnace":3,"minecraft:stone_axe":2,"minecraft:air":0,"minecraft:stick":12,"minecraft:iron_ingot":3,"minecraft:iron_pickaxe":1,"minecraft:stone_pickaxe":2,"minecraft:stone_sword":1,"minecraft:dark_oak_planks":12},"minecraft:killed_by":{"minecraft:skeleton":1},"minecraft:killed":{"minecraft:zombie_villager":1,"minecraft:spider":1,"minecraft:creeper":1,"minecraft:skeleton":1,"minecraft:zombie":9,"minecraft:enderman":1},"minecraft:mined":{"minecraft:dark_oak_planks":28,"minecraft:yellow_terracotta":3,"minecraft:orange_terracotta":7,"minecraft:dark_oak_log":3,"minecraft:crafting_table":5,"minecraft:dead_bush":18,"minecraft:lectern":1,"minecraft:cobblestone":1,"minecraft:sugar_cane":23,"minecraft:wall_torch":2,"minecraft:spawner":1,"minecraft:white_terracotta":1,"minecraft:furnace":3,"minecraft:iron_ore":5,"minecraft:gold_block":1,"minecraft:bookshelf":9,"minecraft:coal_ore":24,"minecraft:cave_vines":1,"minecraft:rail":1,"minecraft:sand":11,"minecraft:cobweb":1,"minecraft:brown_terracotta":8,"minecraft:terracotta":21,"minecraft:stone":48,"minecraft:gold_ore":24},"minecraft:custom":{"minecraft:interact_with_furnace":5,"minecraft:mob_kills":14,"minecraft:interact_with_crafting_table":12,"minecraft:time_since_death":27618,"minecraft:time_since_rest":27646,"minecraft:sprint_one_cm":180990,"minecraft:damage_taken":1006,"minecraft:walk_one_cm":187792,"minecraft:drop":17,"minecraft:damage_dealt":3234,"minecraft:swim_one_cm":11903,"minecraft:player_kills":1,"minecraft:fly_one_cm":339361,"minecraft:open_chest":3,"minecraft:crouch_one_cm":3543,"minecraft:play_time":53986,"minecraft:deaths":2,"minecraft:sneak_time":1664,"minecraft:walk_under_water_one_cm":2550,"minecraft:boat_one_cm":48735,"minecraft:jump":1535,"minecraft:walk_on_water_one_cm":7697,"minecraft:total_world_time":53986,"minecraft:fall_one_cm":53390}},"DataVersion":3465}