{"stats":{"minecraft:picked_up":{"minecraft:stick":5,"minecraft:oak_log":30,"minecraft:oak_sapling":3,"minecraft:birch_sapling":2},"minecraft:used":{"minecraft:oak_log":1,"minecraft:stone_axe":10},"minecraft:dropped":{"minecraft:birch_sapling":1,"minecraft:oak_sapling":2,"minecraft:stick":5},"minecraft:crafted":{"minecraft:oak_planks":116},"minecraft:mined":{"minecraft:grass":1,"minecraft:oak_log":9},"minecraft:custom":{"minecraft:time_since_rest":5115,"minecraft:crouch_one_cm":1000,"minecraft:sprint_one_cm":13525,"minecraft:play_time":5115,"minecraft:walk_one_cm":9740,"minecraft:sneak_time":526,"minecraft:drop":4,"minecraft:jump":84,"minecraft:leave_game":2,"minecraft:time_since_death":5115,"minecraft:total_world_time":5115,"minecraft:fall_one_cm":3798,"minecraft:fly_one_cm":25073}},"DataVersion":3465}