{"stats":{"minecraft:picked_up":{"minecraft:stick":2,"minecraft:crafting_table":1,"minecraft:sandstone":12,"minecraft:flower_pot":1,"minecraft:oak_log":17,"minecraft:diorite":1,"minecraft:cactus":1,"minecraft:coal":3,"minecraft:cobblestone":59},"minecraft:used":{"minecraft:oak_log":1,"minecraft:diorite":1,"minecraft:stone_pickaxe":75,"minecraft:wooden_pickaxe":6,"minecraft:sandstone":6,"minecraft:stone_axe":3,"minecraft:cobblestone":43,"minecraft:crafting_table":1},"minecraft:dropped":{"minecraft:flower_pot":1,"minecraft:wooden_pickaxe":1,"minecraft:cactus":1},"minecraft:crafted":{"minecraft:oak_planks":44,"minecraft:crafting_table":1,"minecraft:stick":8,"minecraft:wooden_pickaxe":1,"minecraft:stone_pickaxe":1,"minecraft:stone_axe":1},"minecraft:mined":{"minecraft:potted_cactus":1,"minecraft:crafting_table":1,"minecraft:oak_log":17,"minecraft:coal_ore":3,"minecraft:cobblestone":4,"minecraft:stone":61,"minecraft:oak_leaves":9,"minecraft:diorite":1,"minecraft:sandstone":12},"minecraft:custom":{"minecraft:time_since_rest":3559,"minecraft:sprint_one_cm":26854,"minecraft:damage_taken":305,"minecraft:walk_one_cm":9648,"minecraft:drop":3,"minecraft:damage_dealt":132,"minecraft:interact_with_crafting_table":2,"minecraft:fly_one_cm":56204,"minecraft:crouch_one_cm":3618,"minecraft:play_time":12000,"minecraft:deaths":1,"minecraft:sneak_time":1972,"minecraft:jump":221,"minecraft:walk_on_water_one_cm":215,"minecraft:time_since_death":3531,"minecraft:total_world_time":12000,"minecraft:fall_one_cm":9434}},"DataVersion":3465}