{"stats":{"minecraft:picked_up":{"minecraft:birch_log":10,"minecraft:crafting_table":4,"minecraft:flower_pot":1,"minecraft:brown_wool":1,"minecraft:leather":1,"minecraft:oak_log":31,"minecraft:dirt":9,"minecraft:beef":6,"minecraft:oak_boat":2,"minecraft:sugar_cane":54,"minecraft:oak_planks":1,"minecraft:furnace":2,"minecraft:stick":3,"minecraft:sandstone":19,"minecraft:porkchop":13,"minecraft:sand":65,"minecraft:diorite":1,"minecraft:cactus":1,"minecraft:terracotta":1,"minecraft:oak_sapling":3,"minecraft:mutton":5,"minecraft:coal":3,"minecraft:white_wool":3,"minecraft:cobblestone":83},"minecraft:used":{"minecraft:cooked_mutton":5,"minecraft:diorite":1,"minecraft:stone_pickaxe":94,"minecraft:oak_planks":2,"minecraft:wooden_pickaxe":24,"minecraft:sandstone":13,"minecraft:dirt":9,"minecraft:sand":63,"minecraft:terracotta":1,"minecraft:crafting_table":6,"minecraft:oak_log":1,"minecraft:bread":5,"minecraft:brown_wool":1,"minecraft:stone_axe":35,"minecraft:cobblestone":47,"minecraft:oak_sapling":2,"minecraft:furnace":2,"minecraft:cooked_porkchop":2,"minecraft:oak_boat":4},"minecraft:dropped":{"minecraft:stone_axe":1,"minecraft:stone_sword":1,"minecraft:stick":1,"minecraft:flower_pot":1,"minecraft:oak_sapling":1,"minecraft:wooden_pickaxe":3,"minecraft:stone_pickaxe":1,"minecraft:cactus":1},"minecraft:crafted":{"minecraft:oak_planks":120,"minecraft:cooked_porkchop":1,"minecraft:crafting_table":4,"minecraft:wooden_pickaxe":3,"minecraft:furnace":1,"minecraft:stone_axe":2,"minecraft:cooked_mutton":3,"minecraft:air":0,"minecraft:oak_boat":2,"minecraft:stick":16,"minecraft:stone_pickaxe":2,"minecraft:white_bed":1},"minecraft:killed":{"minecraft:pig":6,"minecraft:spider":1,"minecraft:sheep":4,"minecraft:cow":2},"minecraft:mined":{"minecraft:potted_cactus":1,"minecraft:crafting_table":4,"minecraft:grass_block":2,"minecraft:cobblestone":4,"minecraft:oak_planks":1,"minecraft:sugar_cane":29,"minecraft:diorite":1,"minecraft:sandstone":19,"minecraft:furnace":2,"minecraft:birch_log":6,"minecraft:grass":5,"minecraft:coal_ore":3,"minecraft:oak_log":31,"minecraft:sand":45,"minecraft:dirt":7,"minecraft:terracotta":1,"minecraft:stone":86,"minecraft:oak_leaves":13},"minecraft:custom":{"minecraft:interact_with_furnace":8,"minecraft:mob_kills":13,"minecraft:interact_with_crafting_table":10,"minecraft:time_since_death":33971,"minecraft:time_since_rest":33999,"minecraft:sprint_one_cm":114020,"minecraft:damage_taken":1195,"minecraft:walk_one_cm":53649,"minecraft:drop":10,"minecraft:damage_dealt":1331,"minecraft:swim_one_cm":58865,"minecraft:fly_one_cm":210571,"minecraft:crouch_one_cm":5588,"minecraft:play_time":48000,"minecraft:deaths":2,"minecraft:sneak_time":3925,"minecraft:walk_under_water_one_cm":11722,"minecraft:boat_one_cm":164070,"minecraft:jump":937,"minecraft:walk_on_water_one_cm":7086,"minecraft:total_world_time":48000,"minecraft:fall_one_cm":31195}},"DataVersion":3465}