{"stats":{"minecraft:picked_up":{"minecraft:birch_log":10,"minecraft:stick":3,"minecraft:crafting_table":3,"minecraft:sandstone":19,"minecraft:flower_pot":1,"minecraft:porkchop":2,"minecraft:sand":65,"minecraft:oak_log":31,"minecraft:diorite":1,"minecraft:dirt":9,"minecraft:cactus":1,"minecraft:sugar_cane":17,"minecraft:oak_sapling":3,"minecraft:oak_planks":1,"minecraft:coal":3,"minecraft:cobblestone":83,"minecraft:furnace":1},"minecraft:used":{"minecraft:oak_log":1,"minecraft:diorite":1,"minecraft:stone_pickaxe":92,"minecraft:oak_planks":2,"minecraft:wooden_pickaxe":24,"minecraft:sandstone":13,"minecraft:stone_axe":18,"minecraft:dirt":9,"minecraft:sand":25,"minecraft:cobblestone":47,"minecraft:crafting_table":4,"minecraft:furnace":1,"minecraft:oak_sapling":2,"minecraft:cooked_porkchop":2},"minecraft:dropped":{"minecraft:flower_pot":1,"minecraft:oak_sapling":1,"minecraft:wooden_pickaxe":3,"minecraft:cactus":1,"minecraft:stick":1},"minecraft:crafted":{"minecraft:oak_planks":120,"minecraft:cooked_porkchop":1,"minecraft:crafting_table":3,"minecraft:stick":16,"minecraft:wooden_pickaxe":3,"minecraft:stone_pickaxe":2,"minecraft:furnace":1,"minecraft:stone_axe":2},"minecraft:killed":{"minecraft:pig":1,"minecraft:spider":1},"minecraft:mined":{"minecraft:furnace":1,"minecraft:birch_log":6,"minecraft:potted_cactus":1,"minecraft:crafting_table":3,"minecraft:grass":1,"minecraft:grass_block":2,"minecraft:oak_log":31,"minecraft:coal_ore":3,"minecraft:sand":45,"minecraft:dirt":7,"minecraft:cobblestone":4,"minecraft:stone":86,"minecraft:sugar_cane":7,"minecraft:oak_planks":1,"minecraft:oak_leaves":13,"minecraft:diorite":1,"minecraft:sandstone":19},"minecraft:custom":{"minecraft:time_since_rest":9999,"minecraft:interact_with_furnace":3,"minecraft:sprint_one_cm":50810,"minecraft:damage_taken":830,"minecraft:walk_one_cm":21687,"minecraft:mob_kills":2,"minecraft:drop":7,"minecraft:damage_dealt":311,"minecraft:interact_with_crafting_table":8,"minecraft:fly_one_cm":92594,"minecraft:crouch_one_cm":5417,"minecraft:play_time":24000,"minecraft:deaths":2,"minecraft:sneak_time":3800,"minecraft:jump":403,"minecraft:walk_on_water_one_cm":670,"minecraft:time_since_death":9971,"minecraft:total_world_time":24000,"minecraft:fall_one_cm":15152}},"DataVersion":3465}