{"stats":{"minecraft:picked_up":{"minecraft:lime_bed":3,"minecraft:smooth_sandstone":5,"minecraft:hay_block":11,"minecraft:iron_ingot":3,"minecraft:poppy":1,"minecraft:cyan_bed":1},"minecraft:used":{"minecraft:stone_sword":18,"minecraft:lime_bed":2,"minecraft:bread":1,"minecraft:stone_pickaxe":5,"minecraft:smooth_sandstone":5},"minecraft:killed":{"minecraft:iron_golem":1},"minecraft:mined":{"minecraft:hay_block":12,"minecraft:lime_bed":3,"minecraft:cyan_bed":1,"minecraft:smooth_sandstone":5},"minecraft:custom":{"minecraft:open_chest":2,"minecraft:time_since_rest":1886,"minecraft:damage_taken":20,"minecraft:play_time":6000,"minecraft:sprint_one_cm":19999,"minecraft:walk_one_cm":10757,"minecraft:sneak_time":8,"minecraft:mob_kills":1,"minecraft:jump":84,"minecraft:damage_dealt":946,"minecraft:time_since_death":6000,"minecraft:sleep_in_bed":2,"minecraft:total_world_time":6000,"minecraft:talked_to_villager":1,"minecraft:fall_one_cm":2403,"minecraft:fly_one_cm":14761}},"DataVersion":3465}