{"stats":{"minecraft:picked_up":{"minecraft:stick":2,"minecraft:lime_bed":3,"minecraft:smooth_sandstone":5,"minecraft:brown_terracotta":6,"minecraft:rabbit_hide":1,"minecraft:hay_block":11,"minecraft:iron_ingot":3,"minecraft:yellow_terracotta":3,"minecraft:poppy":1,"minecraft:rabbit":1,"minecraft:terracotta":1,"minecraft:cyan_bed":1,"minecraft:coal":3,"minecraft:cobblestone":19},"minecraft:used":{"minecraft:stone_sword":22,"minecraft:lime_bed":2,"minecraft:bread":4,"minecraft:stone_pickaxe":43,"minecraft:smooth_sandstone":5},"minecraft:killed":{"minecraft:rabbit":1,"minecraft:iron_golem":1},"minecraft:mined":{"minecraft:yellow_terracotta":5,"minecraft:hay_block":12,"minecraft:lime_bed":3,"minecraft:dead_bush":1,"minecraft:brown_terracotta":7,"minecraft:terracotta":1,"minecraft:stone":22,"minecraft:cyan_bed":1,"minecraft:smooth_sandstone":5,"minecraft:coal_ore":3},"minecraft:custom":{"minecraft:open_chest":2,"minecraft:time_since_rest":11991,"minecraft:damage_taken":60,"minecraft:play_time":16105,"minecraft:sprint_one_cm":58329,"minecraft:walk_one_cm":24133,"minecraft:sneak_time":8,"minecraft:mob_kills":2,"minecraft:jump":291,"minecraft:damage_dealt":982,"minecraft:leave_game":1,"minecraft:time_since_death":16105,"minecraft:sleep_in_bed":2,"minecraft:total_world_time":16105,"minecraft:talked_to_villager":4,"minecraft:fall_one_cm":8048,"minecraft:fly_one_cm":57251}},"DataVersion":3465}