{"stats":{"minecraft:picked_up":{"minecraft:crafting_table":1,"minecraft:lime_bed":6,"minecraft:iron_chestplate":4,"minecraft:cooked_beef":20,"minecraft:chest_minecart":3,"minecraft:leather_leggings":4,"minecraft:oak_log":11,"minecraft:gunpowder":2,"minecraft:string":7,"minecraft:leather_boots":4,"minecraft:smooth_sandstone":5,"minecraft:bone":2,"minecraft:cobbled_deepslate":3,"minecraft:bow":1,"minecraft:wheat_seeds":1,"minecraft:detector_rail":1,"minecraft:rabbit_hide":5,"minecraft:iron_ingot":17,"minecraft:stone_pickaxe":4,"minecraft:cooked_chicken":19,"minecraft:poppy":5,"minecraft:rabbit":5,"minecraft:stick":14,"minecraft:raw_iron":1,"minecraft:brown_terracotta":30,"minecraft:torch":48,"minecraft:cyan_bed":5,"minecraft:redstone":10,"minecraft:spider_eye":2,"minecraft:leather_helmet":4,"minecraft:dark_oak_planks":2,"minecraft:cactus":8,"minecraft:stone_sword":4,"minecraft:pumpkin_seeds":4,"minecraft:arrow":2,"minecraft:stone_axe":4,"minecraft:hay_block":55,"minecraft:yellow_terracotta":15,"minecraft:golden_apple":2,"minecraft:gold_ingot":2,"minecraft:bread":28,"minecraft:terracotta":5,"minecraft:glow_berries":6,"minecraft:coal":43,"minecraft:cobblestone":56},"minecraft:used":{"minecraft:stone_sword":61,"minecraft:stone_pickaxe":54,"minecraft:wooden_pickaxe":3,"minecraft:leather_boots":1,"minecraft:cooked_chicken":1,"minecraft:iron_chestplate":1,"minecraft:glow_berries":2,"minecraft:crafting_table":1,"minecraft:lime_bed":5,"minecraft:wooden_axe":2,"minecraft:bread":10,"minecraft:smooth_sandstone":5,"minecraft:stone_axe":5,"minecraft:cobblestone":13},"minecraft:crafted":{"minecraft:oak_planks":20,"minecraft:crafting_table":1,"minecraft:wooden_pickaxe":1,"minecraft:stick":4,"minecraft:wooden_axe":1,"minecraft:torch":8},"minecraft:killed_by":{"minecraft:husk":1,"minecraft:cave_spider":4,"minecraft:skeleton":1,"minecraft:creeper":2,"minecraft:spider":1},"minecraft:killed":{"minecraft:husk":1,"minecraft:cave_spider":2,"minecraft:rabbit":1,"minecraft:iron_golem":1,"minecraft:creeper":1,"minecraft:skeleton":1,"minecraft:zombie":1},"minecraft:mined":{"minecraft:dark_oak_planks":2,"minecraft:yellow_terracotta":5,"minecraft:smooth_sandstone":5,"minecraft:crafting_table":1,"minecraft:dead_bush":1,"minecraft:cyan_bed":1,"minecraft:spawner":1,"minecraft:hay_block":12,"minecraft:lime_bed":6,"minecraft:iron_ore":1,"minecraft:grass":4,"minecraft:coal_ore":9,"minecraft:oak_log":6,"minecraft:cobweb":2,"minecraft:brown_terracotta":7,"minecraft:terracotta":1,"minecraft:stone":23,"minecraft:oak_leaves":4,"minecraft:deepslate":3},"minecraft:custom":{"minecraft:mob_kills":8,"minecraft:interact_with_crafting_table":3,"minecraft:leave_game":1,"minecraft:time_since_death":498,"minecraft:sleep_in_bed":3,"minecraft:time_since_rest":530,"minecraft:sprint_one_cm":179458,"minecraft:damage_taken":3353,"minecraft:walk_one_cm":111340,"minecraft:damage_dealt":2430,"minecraft:talked_to_villager":4,"minecraft:fly_one_cm":104686,"minecraft:open_chest":2,"minecraft:crouch_one_cm":530,"minecraft:deaths":11,"minecraft:play_time":46105,"minecraft:sneak_time":206,"minecraft:walk_under_water_one_cm":8974,"minecraft:jump":596,"minecraft:walk_on_water_one_cm":7098,"minecraft:total_world_time":46105,"minecraft:fall_one_cm":18908}},"DataVersion":3465}