{"stats":{"minecraft:picked_up":{"minecraft:raw_iron":1,"minecraft:stick":12,"minecraft:lime_bed":6,"minecraft:iron_chestplate":4,"minecraft:cooked_beef":20,"minecraft:chest_minecart":3,"minecraft:leather_leggings":4,"minecraft:brown_terracotta":30,"minecraft:torch":48,"minecraft:gunpowder":2,"minecraft:cyan_bed":5,"minecraft:redstone":10,"minecraft:bone":2,"minecraft:spider_eye":2,"minecraft:string":7,"minecraft:leather_helmet":4,"minecraft:arrow":2,"minecraft:dark_oak_planks":2,"minecraft:pumpkin_seeds":4,"minecraft:stone_sword":4,"minecraft:leather_boots":4,"minecraft:smooth_sandstone":5,"minecraft:cactus":8,"minecraft:bow":1,"minecraft:stone_axe":4,"minecraft:gold_ingot":2,"minecraft:detector_rail":1,"minecraft:golden_apple":2,"minecraft:rabbit_hide":5,"minecraft:hay_block":55,"minecraft:iron_ingot":17,"minecraft:stone_pickaxe":4,"minecraft:cooked_chicken":19,"minecraft:yellow_terracotta":15,"minecraft:bread":28,"minecraft:poppy":5,"minecraft:rabbit":5,"minecraft:terracotta":5,"minecraft:glow_berries":4,"minecraft:coal":43,"minecraft:cobblestone":55},"minecraft:used":{"minecraft:stone_sword":61,"minecraft:bread":10,"minecraft:stone_pickaxe":54,"minecraft:smooth_sandstone":5,"minecraft:glow_berries":1,"minecraft:leather_boots":1,"minecraft:cooked_chicken":1,"minecraft:stone_axe":5,"minecraft:iron_chestplate":1,"minecraft:cobblestone":13,"minecraft:lime_bed":5},"minecraft:crafted":{"minecraft:torch":8},"minecraft:killed_by":{"minecraft:cave_spider":4,"minecraft:skeleton":1,"minecraft:spider":1},"minecraft:killed":{"minecraft:cave_spider":2,"minecraft:zombie":1,"minecraft:iron_golem":1,"minecraft:rabbit":1,"minecraft:creeper":1,"minecraft:skeleton":1},"minecraft:mined":{"minecraft:dark_oak_planks":2,"minecraft:yellow_terracotta":5,"minecraft:hay_block":12,"minecraft:lime_bed":6,"minecraft:iron_ore":1,"minecraft:smooth_sandstone":5,"minecraft:coal_ore":9,"minecraft:dead_bush":1,"minecraft:cobweb":2,"minecraft:brown_terracotta":7,"minecraft:terracotta":1,"minecraft:cyan_bed":1,"minecraft:stone":23,"minecraft:spawner":1},"minecraft:custom":{"minecraft:time_since_rest":2365,"minecraft:sprint_one_cm":140886,"minecraft:damage_taken":1958,"minecraft:walk_one_cm":85951,"minecraft:mob_kills":7,"minecraft:damage_dealt":2206,"minecraft:talked_to_villager":4,"minecraft:fly_one_cm":78015,"minecraft:open_chest":2,"minecraft:play_time":34105,"minecraft:deaths":6,"minecraft:sneak_time":8,"minecraft:jump":467,"minecraft:leave_game":1,"minecraft:time_since_death":2294,"minecraft:sleep_in_bed":3,"minecraft:total_world_time":34105,"minecraft:fall_one_cm":12474}},"DataVersion":3465}