{"stats":{"minecraft:picked_up":{"minecraft:wooden_axe":1,"minecraft:crafting_table":3,"minecraft:lime_bed":6,"minecraft:iron_chestplate":4,"minecraft:cooked_beef":20,"minecraft:chicken":1,"minecraft:chest_minecart":3,"minecraft:leather_leggings":4,"minecraft:wooden_pickaxe":1,"minecraft:oak_log":46,"minecraft:gunpowder":2,"minecraft:dirt":1,"minecraft:string":7,"minecraft:leather_boots":4,"minecraft:smooth_sandstone":6,"minecraft:bone":4,"minecraft:cobbled_deepslate":3,"minecraft:bow":1,"minecraft:wheat_seeds":1,"minecraft:detector_rail":1,"minecraft:rabbit_hide":6,"minecraft:beef":3,"minecraft:iron_ingot":17,"minecraft:stone_pickaxe":4,"minecraft:cooked_chicken":19,"minecraft:oak_boat":4,"minecraft:poppy":5,"minecraft:rabbit":6,"minecraft:melon_slice":49,"minecraft:stick":15,"minecraft:raw_iron":1,"minecraft:copper_ingot":1,"minecraft:brown_terracotta":30,"minecraft:torch":48,"minecraft:porkchop":2,"minecraft:cyan_bed":5,"minecraft:redstone":10,"minecraft:spider_eye":2,"minecraft:leather_helmet":4,"minecraft:dark_oak_planks":2,"minecraft:cactus":8,"minecraft:stone_sword":4,"minecraft:pumpkin_seeds":4,"minecraft:arrow":2,"minecraft:stone_axe":4,"minecraft:hay_block":55,"minecraft:yellow_terracotta":15,"minecraft:golden_apple":2,"minecraft:gold_ingot":2,"minecraft:bread":28,"minecraft:terracotta":5,"minecraft:black_wool":1,"minecraft:oak_sapling":4,"minecraft:glow_berries":6,"minecraft:mutton":4,"minecraft:coal":43,"minecraft:white_wool":1,"minecraft:cobblestone":60},"minecraft:used":{"minecraft:cooked_mutton":1,"minecraft:stone_sword":61,"minecraft:rabbit":1,"minecraft:stone_pickaxe":54,"minecraft:oak_planks":1,"minecraft:wooden_pickaxe":3,"minecraft:leather_boots":1,"minecraft:cooked_chicken":1,"minecraft:iron_chestplate":1,"minecraft:cookie":5,"minecraft:glow_berries":2,"minecraft:crafting_table":1,"minecraft:lime_bed":5,"minecraft:wooden_axe":47,"minecraft:melon_slice":17,"minecraft:bread":10,"minecraft:smooth_sandstone":5,"minecraft:stone_axe":5,"minecraft:cobblestone":13,"minecraft:porkchop":2,"minecraft:oak_sapling":2,"minecraft:oak_boat":4},"minecraft:dropped":{"minecraft:cooked_mutton":2,"minecraft:smooth_sandstone":1,"minecraft:bone":2},"minecraft:crafted":{"minecraft:oak_planks":88,"minecraft:crafting_table":1,"minecraft:wooden_pickaxe":1,"minecraft:cooked_mutton":3,"minecraft:oak_boat":1,"minecraft:stick":24,"minecraft:wooden_axe":4,"minecraft:torch":8},"minecraft:killed_by":{"minecraft:husk":1,"minecraft:cave_spider":4,"minecraft:skeleton":1,"minecraft:creeper":2,"minecraft:spider":1,"minecraft:drowned":1},"minecraft:killed":{"minecraft:husk":1,"minecraft:cave_spider":2,"minecraft:rabbit":2,"minecraft:iron_golem":1,"minecraft:creeper":1,"minecraft:sheep":2,"minecraft:skeleton":2,"minecraft:zombie":1,"minecraft:chicken":1,"minecraft:drowned":1,"minecraft:cow":1},"minecraft:mined":{"minecraft:dark_oak_planks":2,"minecraft:yellow_terracotta":5,"minecraft:smooth_sandstone":5,"minecraft:crafting_table":2,"minecraft:melon":11,"minecraft:dead_bush":2,"minecraft:cyan_bed":1,"minecraft:spawner":1,"minecraft:hay_block":12,"minecraft:lime_bed":6,"minecraft:iron_ore":1,"minecraft:grass":11,"minecraft:coal_ore":9,"minecraft:oak_log":15,"minecraft:cobweb":2,"minecraft:brown_terracotta":7,"minecraft:terracotta":1,"minecraft:stone":23,"minecraft:fern":1,"minecraft:oak_leaves":12,"minecraft:deepslate":3},"minecraft:custom":{"minecraft:interact_with_furnace":3,"minecraft:mob_kills":15,"minecraft:interact_with_crafting_table":11,"minecraft:leave_game":1,"minecraft:time_since_death":17445,"minecraft:sleep_in_bed":3,"minecraft:time_since_rest":17465,"minecraft:sprint_one_cm":269217,"minecraft:damage_taken":4128,"minecraft:walk_one_cm":217738,"minecraft:drop":5,"minecraft:damage_dealt":3810,"minecraft:swim_one_cm":10911,"minecraft:talked_to_villager":4,"minecraft:fly_one_cm":189910,"minecraft:open_chest":3,"minecraft:crouch_one_cm":2305,"minecraft:deaths":12,"minecraft:play_time":82091,"minecraft:sneak_time":1079,"minecraft:walk_under_water_one_cm":13309,"minecraft:boat_one_cm":88997,"minecraft:jump":1086,"minecraft:walk_on_water_one_cm":10851,"minecraft:total_world_time":82091,"minecraft:fall_one_cm":29804}},"DataVersion":3465}