{"stats":{"minecraft:picked_up":{"minecraft:wooden_axe":1,"minecraft:stick":2,"minecraft:raw_iron":39,"minecraft:crafting_table":3,"minecraft:porkchop":12,"minecraft:oak_log":31,"minecraft:string":1,"minecraft:bone":1,"minecraft:apple":1,"minecraft:stone_pickaxe":1,"minecraft:oak_planks":98,"minecraft:coal":6,"minecraft:cobblestone":48,"minecraft:furnace":1},"minecraft:used":{"minecraft:wooden_axe":46,"minecraft:apple":1,"minecraft:bread":2,"minecraft:stone_pickaxe":91,"minecraft:iron_pickaxe":2,"minecraft:oak_planks":22,"minecraft:shield":10,"minecraft:wooden_pickaxe":3,"minecraft:iron_sword":7,"minecraft:cobblestone":17,"minecraft:crafting_table":3,"minecraft:furnace":1,"minecraft:cooked_porkchop":3},"minecraft:dropped":{"minecraft:wooden_pickaxe":1},"minecraft:crafted":{"minecraft:oak_planks":124,"minecraft:iron_boots":1,"minecraft:cooked_porkchop":6,"minecraft:shield":1,"minecraft:crafting_table":1,"minecraft:stick":12,"minecraft:iron_ingot":10,"minecraft:wooden_pickaxe":1,"minecraft:iron_pickaxe":1,"minecraft:stone_pickaxe":1,"minecraft:wooden_axe":1,"minecraft:iron_sword":1,"minecraft:furnace":1,"minecraft:air":0},"minecraft:killed_by":{"minecraft:husk":1,"minecraft:skeleton":1},"minecraft:killed":{"minecraft:skeleton":1,"minecraft:pig":2,"minecraft:spider":1},"minecraft:mined":{"minecraft:furnace":1,"minecraft:iron_ore":39,"minecraft:crafting_table":3,"minecraft:grass":3,"minecraft:oak_log":31,"minecraft:coal_ore":5,"minecraft:stone":50,"minecraft:oak_leaves":5},"minecraft:custom":{"minecraft:time_since_rest":9568,"minecraft:interact_with_furnace":11,"minecraft:sprint_one_cm":94052,"minecraft:damage_taken":1727,"minecraft:walk_one_cm":62043,"minecraft:damage_blocked_by_shield":885,"minecraft:mob_kills":4,"minecraft:drop":1,"minecraft:damage_dealt":602,"minecraft:swim_one_cm":1030,"minecraft:interact_with_crafting_table":10,"minecraft:fly_one_cm":103206,"minecraft:crouch_one_cm":4903,"minecraft:play_time":31646,"minecraft:deaths":4,"minecraft:sneak_time":1807,"minecraft:walk_under_water_one_cm":215,"minecraft:jump":412,"minecraft:leave_game":1,"minecraft:walk_on_water_one_cm":625,"minecraft:time_since_death":9531,"minecraft:total_world_time":31646,"minecraft:fall_one_cm":26122}},"DataVersion":3465}