{"stats":{"minecraft:picked_up":{"minecraft:wooden_axe":1,"minecraft:stick":2,"minecraft:raw_iron":74,"minecraft:crafting_table":3,"minecraft:porkchop":12,"minecraft:tuff":2,"minecraft:oak_log":31,"minecraft:string":1,"minecraft:bone":1,"minecraft:apple":1,"minecraft:cobbled_deepslate":9,"minecraft:stone_pickaxe":1,"minecraft:oak_planks":98,"minecraft:coal":19,"minecraft:cobblestone":57,"minecraft:furnace":1},"minecraft:used":{"minecraft:wooden_axe":46,"minecraft:apple":1,"minecraft:bread":2,"minecraft:stone_pickaxe":105,"minecraft:iron_pickaxe":56,"minecraft:oak_planks":22,"minecraft:shield":11,"minecraft:wooden_pickaxe":3,"minecraft:iron_sword":8,"minecraft:cobblestone":22,"minecraft:crafting_table":4,"minecraft:furnace":2,"minecraft:cooked_porkchop":6,"minecraft:tuff":2,"minecraft:cobbled_deepslate":9,"minecraft:iron_leggings":1},"minecraft:dropped":{"minecraft:wooden_pickaxe":1},"minecraft:crafted":{"minecraft:oak_planks":124,"minecraft:iron_boots":1,"minecraft:cooked_porkchop":6,"minecraft:shield":1,"minecraft:crafting_table":1,"minecraft:stick":12,"minecraft:iron_ingot":17,"minecraft:wooden_pickaxe":1,"minecraft:iron_pickaxe":1,"minecraft:stone_pickaxe":1,"minecraft:wooden_axe":1,"minecraft:iron_sword":1,"minecraft:iron_leggings":1,"minecraft:furnace":1,"minecraft:air":0},"minecraft:killed_by":{"minecraft:husk":1,"minecraft:skeleton":1},"minecraft:killed":{"minecraft:skeleton":1,"minecraft:pig":2,"minecraft:spider":1},"minecraft:mined":{"minecraft:tuff":2,"minecraft:furnace":1,"minecraft:iron_ore":51,"minecraft:crafting_table":3,"minecraft:grass":3,"minecraft:deepslate_iron_ore":23,"minecraft:oak_log":31,"minecraft:coal_ore":18,"minecraft:cobblestone":1,"minecraft:stone":58,"minecraft:deepslate":9,"minecraft:oak_leaves":5},"minecraft:custom":{"minecraft:time_since_rest":21568,"minecraft:interact_with_furnace":15,"minecraft:sprint_one_cm":152482,"minecraft:damage_taken":1816,"minecraft:walk_one_cm":85300,"minecraft:damage_blocked_by_shield":945,"minecraft:mob_kills":5,"minecraft:drop":1,"minecraft:damage_dealt":662,"minecraft:swim_one_cm":1110,"minecraft:interact_with_crafting_table":12,"minecraft:fly_one_cm":125643,"minecraft:crouch_one_cm":5347,"minecraft:play_time":43646,"minecraft:deaths":4,"minecraft:sneak_time":2027,"minecraft:walk_under_water_one_cm":4916,"minecraft:jump":578,"minecraft:leave_game":1,"minecraft:walk_on_water_one_cm":5421,"minecraft:time_since_death":21531,"minecraft:total_world_time":43646,"minecraft:fall_one_cm":29667}},"DataVersion":3465}