{"stats":{"minecraft:picked_up":{"minecraft:raw_iron":12,"minecraft:cobblestone":15},"minecraft:used":{"minecraft:bread":2,"minecraft:cobblestone":7,"minecraft:stone_pickaxe":28},"minecraft:mined":{"minecraft:stone":16,"minecraft:iron_ore":12},"minecraft:custom":{"minecraft:jump":101,"minecraft:time_since_rest":4230,"minecraft:crouch_one_cm":1601,"minecraft:play_time":7646,"minecraft:leave_game":1,"minecraft:sprint_one_cm":22422,"minecraft:damage_taken":129,"minecraft:time_since_death":7646,"minecraft:walk_one_cm":8970,"minecraft:sneak_time":671,"minecraft:total_world_time":7646,"minecraft:fall_one_cm":5612,"minecraft:fly_one_cm":26320}},"DataVersion":3465}