{"stats":{"minecraft:picked_up":{"minecraft:crafting_table":2,"minecraft:raw_iron":30,"minecraft:apple":1,"minecraft:porkchop":6,"minecraft:oak_log":31,"minecraft:cobblestone":28},"minecraft:used":{"minecraft:wooden_axe":45,"minecraft:apple":1,"minecraft:cobblestone":7,"minecraft:crafting_table":2,"minecraft:stone_pickaxe":56,"minecraft:bread":2,"minecraft:wooden_pickaxe":3},"minecraft:dropped":{"minecraft:wooden_pickaxe":1},"minecraft:crafted":{"minecraft:oak_planks":124,"minecraft:crafting_table":1,"minecraft:stick":8,"minecraft:wooden_pickaxe":1,"minecraft:stone_pickaxe":1,"minecraft:wooden_axe":1},"minecraft:killed":{"minecraft:pig":2},"minecraft:mined":{"minecraft:grass":3,"minecraft:oak_log":31,"minecraft:iron_ore":30,"minecraft:stone":29,"minecraft:oak_leaves":5,"minecraft:crafting_table":2},"minecraft:custom":{"minecraft:time_since_rest":8128,"minecraft:crouch_one_cm":1776,"minecraft:walk_one_cm":26029,"minecraft:sprint_one_cm":62555,"minecraft:play_time":19646,"minecraft:damage_taken":884,"minecraft:deaths":2,"minecraft:sneak_time":861,"minecraft:mob_kills":2,"minecraft:drop":1,"minecraft:jump":275,"minecraft:damage_dealt":200,"minecraft:leave_game":1,"minecraft:time_since_death":8100,"minecraft:total_world_time":19646,"minecraft:interact_with_crafting_table":4,"minecraft:fall_one_cm":21062,"minecraft:fly_one_cm":72906}},"DataVersion":3465}