{"stats":{"minecraft:picked_up":{"minecraft:wooden_axe":1,"minecraft:crafting_table":5,"minecraft:wheat":29,"minecraft:leather":4,"minecraft:tuff":2,"minecraft:oak_log":31,"minecraft:brewing_stand":1,"minecraft:string":1,"minecraft:red_bed":1,"minecraft:bone":1,"minecraft:apple":1,"minecraft:wheat_seeds":88,"minecraft:cobbled_deepslate":9,"minecraft:cooked_chicken":1,"minecraft:beef":4,"minecraft:iron_ingot":1,"minecraft:stone_pickaxe":1,"minecraft:lectern":1,"minecraft:melon_slice":165,"minecraft:chest":2,"minecraft:oak_planks":98,"minecraft:acacia_sapling":3,"minecraft:furnace":3,"minecraft:stick":5,"minecraft:raw_iron":140,"minecraft:porkchop":16,"minecraft:blast_furnace":2,"minecraft:orange_bed":2,"minecraft:rotten_flesh":1,"minecraft:diamond":1,"minecraft:hay_block":2,"minecraft:emerald":4,"minecraft:bread":10,"minecraft:mutton":3,"minecraft:cod":2,"minecraft:coal":28,"minecraft:white_wool":3,"minecraft:cobblestone":125},"minecraft:used":{"minecraft:stone_pickaxe":108,"minecraft:oak_planks":22,"minecraft:shield":11,"minecraft:wooden_pickaxe":3,"minecraft:iron_sword":42,"minecraft:rotten_flesh":1,"minecraft:iron_chestplate":1,"minecraft:orange_bed":1,"minecraft:crafting_table":5,"minecraft:blast_furnace":1,"minecraft:cod":2,"minecraft:tuff":2,"minecraft:wooden_axe":46,"minecraft:apple":1,"minecraft:iron_axe":57,"minecraft:bread":4,"minecraft:iron_pickaxe":160,"minecraft:cobblestone":26,"minecraft:furnace":3,"minecraft:cooked_porkchop":10,"minecraft:cobbled_deepslate":9,"minecraft:iron_leggings":1},"minecraft:dropped":{"minecraft:cooked_chicken":1,"minecraft:cobblestone":34,"minecraft:mutton":1,"minecraft:wooden_pickaxe":1,"minecraft:bone":1},"minecraft:crafted":{"minecraft:cooked_beef":4,"minecraft:oak_planks":124,"minecraft:cooked_porkchop":10,"minecraft:crafting_table":1,"minecraft:wooden_pickaxe":1,"minecraft:iron_helmet":1,"minecraft:iron_sword":1,"minecraft:furnace":1,"minecraft:air":0,"minecraft:iron_chestplate":1,"minecraft:iron_boots":1,"minecraft:shield":1,"minecraft:iron_axe":1,"minecraft:stick":12,"minecraft:iron_ingot":109,"minecraft:iron_pickaxe":1,"minecraft:stone_pickaxe":1,"minecraft:wooden_axe":1,"minecraft:iron_leggings":1},"minecraft:killed_by":{"minecraft:husk":1,"minecraft:skeleton":1,"minecraft:zombie":1},"minecraft:killed":{"minecraft:pig":4,"minecraft:spider":1,"minecraft:cod":2,"minecraft:sheep":3,"minecraft:skeleton":1,"minecraft:zombie":2,"minecraft:cow":3},"minecraft:mined":{"minecraft:tuff":2,"minecraft:red_bed":1,"minecraft:deepslate_diamond_ore":1,"minecraft:brewing_stand":1,"minecraft:crafting_table":5,"minecraft:blast_furnace":2,"minecraft:melon":34,"minecraft:chest":2,"minecraft:dead_bush":4,"minecraft:lectern":1,"minecraft:cobblestone":1,"minecraft:grindstone":1,"minecraft:hay_block":2,"minecraft:furnace":3,"minecraft:iron_ore":117,"minecraft:wheat":29,"minecraft:grass":17,"minecraft:coal_ore":18,"minecraft:oak_log":31,"minecraft:deepslate_iron_ore":23,"minecraft:stone":92,"minecraft:orange_bed":2,"minecraft:fern":3,"minecraft:oak_leaves":6,"minecraft:deepslate":9},"minecraft:custom":{"minecraft:interact_with_furnace":30,"minecraft:mob_kills":17,"minecraft:interact_with_crafting_table":17,"minecraft:leave_game":3,"minecraft:time_since_death":2240,"minecraft:sleep_in_bed":3,"minecraft:climb_one_cm":202,"minecraft:time_since_rest":2285,"minecraft:sprint_one_cm":309050,"minecraft:damage_taken":3168,"minecraft:walk_one_cm":179667,"minecraft:damage_blocked_by_shield":945,"minecraft:drop":5,"minecraft:damage_dealt":1945,"minecraft:talked_to_villager":1,"minecraft:swim_one_cm":46844,"minecraft:fly_one_cm":262373,"minecraft:open_chest":2,"minecraft:crouch_one_cm":5826,"minecraft:play_time":105422,"minecraft:deaths":8,"minecraft:sneak_time":2176,"minecraft:walk_under_water_one_cm":11766,"minecraft:jump":1371,"minecraft:interact_with_blast_furnace":5,"minecraft:walk_on_water_one_cm":17989,"minecraft:total_world_time":105422,"minecraft:fall_one_cm":57713}},"DataVersion":3465}