{"stats":{"minecraft:picked_up":{"minecraft:wooden_axe":1,"minecraft:crafting_table":4,"minecraft:leather":4,"minecraft:tuff":2,"minecraft:oak_log":31,"minecraft:string":1,"minecraft:bone":1,"minecraft:apple":1,"minecraft:cobbled_deepslate":9,"minecraft:beef":4,"minecraft:iron_ingot":1,"minecraft:stone_pickaxe":1,"minecraft:oak_planks":98,"minecraft:furnace":2,"minecraft:stick":2,"minecraft:raw_iron":75,"minecraft:porkchop":16,"minecraft:rotten_flesh":1,"minecraft:diamond":1,"minecraft:mutton":1,"minecraft:cod":2,"minecraft:coal":28,"minecraft:white_wool":1,"minecraft:cobblestone":60},"minecraft:used":{"minecraft:stone_pickaxe":108,"minecraft:oak_planks":22,"minecraft:shield":11,"minecraft:wooden_pickaxe":3,"minecraft:iron_sword":36,"minecraft:rotten_flesh":1,"minecraft:iron_chestplate":1,"minecraft:crafting_table":4,"minecraft:cod":2,"minecraft:tuff":2,"minecraft:wooden_axe":46,"minecraft:apple":1,"minecraft:iron_axe":6,"minecraft:bread":2,"minecraft:iron_pickaxe":59,"minecraft:cobblestone":22,"minecraft:furnace":3,"minecraft:cooked_porkchop":8,"minecraft:cobbled_deepslate":9,"minecraft:iron_leggings":1},"minecraft:dropped":{"minecraft:mutton":1,"minecraft:wooden_pickaxe":1},"minecraft:crafted":{"minecraft:cooked_beef":2,"minecraft:oak_planks":124,"minecraft:cooked_porkchop":10,"minecraft:crafting_table":1,"minecraft:wooden_pickaxe":1,"minecraft:iron_helmet":1,"minecraft:iron_sword":1,"minecraft:furnace":1,"minecraft:air":0,"minecraft:iron_chestplate":1,"minecraft:iron_boots":1,"minecraft:shield":1,"minecraft:iron_axe":1,"minecraft:stick":12,"minecraft:iron_ingot":45,"minecraft:iron_pickaxe":1,"minecraft:stone_pickaxe":1,"minecraft:wooden_axe":1,"minecraft:iron_leggings":1},"minecraft:killed_by":{"minecraft:husk":1,"minecraft:skeleton":1},"minecraft:killed":{"minecraft:pig":4,"minecraft:spider":1,"minecraft:cod":2,"minecraft:sheep":1,"minecraft:skeleton":1,"minecraft:zombie":2,"minecraft:cow":3},"minecraft:mined":{"minecraft:tuff":2,"minecraft:deepslate_diamond_ore":1,"minecraft:crafting_table":4,"minecraft:cobblestone":1,"minecraft:furnace":2,"minecraft:iron_ore":52,"minecraft:grass":8,"minecraft:coal_ore":18,"minecraft:oak_log":31,"minecraft:deepslate_iron_ore":23,"minecraft:stone":61,"minecraft:fern":2,"minecraft:oak_leaves":5,"minecraft:deepslate":9},"minecraft:custom":{"minecraft:interact_with_furnace":30,"minecraft:mob_kills":15,"minecraft:interact_with_crafting_table":15,"minecraft:leave_game":2,"minecraft:time_since_death":33744,"minecraft:time_since_rest":33781,"minecraft:sprint_one_cm":200721,"minecraft:damage_taken":2044,"minecraft:walk_one_cm":113388,"minecraft:damage_blocked_by_shield":945,"minecraft:drop":2,"minecraft:damage_dealt":1785,"minecraft:swim_one_cm":7724,"minecraft:fly_one_cm":152375,"minecraft:crouch_one_cm":5826,"minecraft:play_time":55859,"minecraft:deaths":4,"minecraft:sneak_time":2168,"minecraft:walk_under_water_one_cm":7411,"minecraft:jump":742,"minecraft:walk_on_water_one_cm":9115,"minecraft:total_world_time":55859,"minecraft:fall_one_cm":30981}},"DataVersion":3465}