{"stats":{"minecraft:picked_up":{"minecraft:raw_iron":47,"minecraft:stick":50,"minecraft:sand":1,"minecraft:string":2,"minecraft:arrow":1,"minecraft:bone":2,"minecraft:rotten_flesh":1,"minecraft:cobbled_deepslate":11,"minecraft:hay_block":14,"minecraft:granite":1,"minecraft:coal":4,"minecraft:cobblestone":10},"minecraft:used":{"minecraft:stone_sword":19,"minecraft:stone_pickaxe":88,"minecraft:bread":8,"minecraft:cooked_chicken":1,"minecraft:stone_axe":14,"minecraft:sand":1,"minecraft:hay_block":5},"minecraft:killed_by":{"minecraft:creeper":1},"minecraft:killed":{"minecraft:skeleton":1,"minecraft:zombie_villager":1,"minecraft:spider":1},"minecraft:mined":{"minecraft:hay_block":14,"minecraft:iron_ore":25,"minecraft:granite":1,"minecraft:coal_ore":7,"minecraft:deepslate_iron_ore":23,"minecraft:dead_bush":64,"minecraft:sand":1,"minecraft:stone":10,"minecraft:deepslate":11},"minecraft:custom":{"minecraft:time_since_rest":3754,"minecraft:sprint_one_cm":140541,"minecraft:damage_taken":1006,"minecraft:walk_one_cm":71715,"minecraft:mob_kills":3,"minecraft:damage_dealt":618,"minecraft:fly_one_cm":91675,"minecraft:open_chest":1,"minecraft:crouch_one_cm":12,"minecraft:play_time":23966,"minecraft:deaths":2,"minecraft:sneak_time":6,"minecraft:jump":568,"minecraft:time_since_death":3727,"minecraft:total_world_time":23966,"minecraft:fall_one_cm":16702,"minecraft:horse_one_cm":3646}},"DataVersion":3465}