{"stats":{"minecraft:picked_up":{"minecraft:crafting_table":1,"minecraft:raw_iron":47,"minecraft:stick":53,"minecraft:gravel":3,"minecraft:sand":1,"minecraft:golden_axe":1,"minecraft:oak_log":13,"minecraft:string":2,"minecraft:dark_oak_planks":1,"minecraft:apple":2,"minecraft:arrow":1,"minecraft:bone":2,"minecraft:rotten_flesh":1,"minecraft:cobbled_deepslate":11,"minecraft:hay_block":14,"minecraft:granite":1,"minecraft:oak_sapling":4,"minecraft:dark_oak_fence":1,"minecraft:coal":4,"minecraft:cobblestone":17},"minecraft:used":{"minecraft:apple":2,"minecraft:stone_sword":19,"minecraft:stone_pickaxe":88,"minecraft:bread":8,"minecraft:oak_planks":6,"minecraft:wooden_pickaxe":7,"minecraft:cooked_chicken":1,"minecraft:stone_axe":15,"minecraft:sand":1,"minecraft:hay_block":5,"minecraft:crafting_table":1,"minecraft:oak_sapling":4,"minecraft:golden_axe":7},"minecraft:dropped":{"minecraft:golden_axe":1},"minecraft:crafted":{"minecraft:oak_planks":40,"minecraft:crafting_table":1,"minecraft:stick":8,"minecraft:stone_pickaxe":1,"minecraft:wooden_pickaxe":1,"minecraft:stone_axe":1},"minecraft:killed_by":{"minecraft:creeper":1,"minecraft:spider":1},"minecraft:killed":{"minecraft:skeleton":1,"minecraft:zombie_villager":1,"minecraft:spider":1},"minecraft:mined":{"minecraft:dark_oak_planks":2,"minecraft:hay_block":14,"minecraft:iron_ore":25,"minecraft:crafting_table":1,"minecraft:dark_oak_fence":1,"minecraft:granite":1,"minecraft:grass":2,"minecraft:oak_log":13,"minecraft:coal_ore":7,"minecraft:deepslate_iron_ore":23,"minecraft:dead_bush":65,"minecraft:gravel":3,"minecraft:sand":1,"minecraft:stone":17,"minecraft:oak_leaves":7,"minecraft:deepslate":11},"minecraft:custom":{"minecraft:time_since_rest":967,"minecraft:sprint_one_cm":189719,"minecraft:damage_taken":1421,"minecraft:walk_one_cm":99601,"minecraft:mob_kills":3,"minecraft:drop":1,"minecraft:damage_dealt":637,"minecraft:swim_one_cm":27429,"minecraft:interact_with_crafting_table":3,"minecraft:fly_one_cm":113301,"minecraft:open_chest":1,"minecraft:crouch_one_cm":12,"minecraft:play_time":35858,"minecraft:deaths":4,"minecraft:sneak_time":31,"minecraft:walk_under_water_one_cm":3087,"minecraft:jump":707,"minecraft:walk_on_water_one_cm":5180,"minecraft:time_since_death":947,"minecraft:climb_one_cm":136,"minecraft:total_world_time":35858,"minecraft:fall_one_cm":22577,"minecraft:horse_one_cm":3646}},"DataVersion":3465}