{"stats":{"minecraft:picked_up":{"minecraft:crafting_table":3,"minecraft:wooden_pickaxe":1,"minecraft:oak_log":25,"minecraft:string":2,"minecraft:dirt":1,"minecraft:bone":2,"minecraft:apple":2,"minecraft:cobbled_deepslate":11,"minecraft:stone_pickaxe":1,"minecraft:oak_boat":3,"minecraft:birch_sapling":1,"minecraft:oak_planks":23,"minecraft:furnace":1,"minecraft:stick":58,"minecraft:raw_iron":47,"minecraft:cooked_porkchop":1,"minecraft:gravel":3,"minecraft:sand":1,"minecraft:golden_axe":1,"minecraft:dark_oak_planks":1,"minecraft:arrow":1,"minecraft:rotten_flesh":1,"minecraft:stone_axe":1,"minecraft:hay_block":14,"minecraft:granite":1,"minecraft:oak_sapling":6,"minecraft:dark_oak_fence":1,"minecraft:coal":4,"minecraft:cobblestone":18},"minecraft:used":{"minecraft:stone_sword":19,"minecraft:stone_pickaxe":88,"minecraft:oak_planks":8,"minecraft:wooden_pickaxe":7,"minecraft:cooked_chicken":1,"minecraft:sand":1,"minecraft:crafting_table":1,"minecraft:apple":2,"minecraft:bread":8,"minecraft:stone_axe":15,"minecraft:hay_block":5,"minecraft:oak_sapling":4,"minecraft:cooked_porkchop":1,"minecraft:oak_boat":3,"minecraft:golden_axe":7},"minecraft:dropped":{"minecraft:furnace":1,"minecraft:crafting_table":1,"minecraft:birch_sapling":1,"minecraft:golden_axe":1,"minecraft:oak_sapling":2},"minecraft:crafted":{"minecraft:oak_planks":100,"minecraft:crafting_table":3,"minecraft:wooden_pickaxe":1,"minecraft:stone_axe":1,"minecraft:stick":36,"minecraft:stone_pickaxe":1},"minecraft:killed_by":{"minecraft:creeper":1,"minecraft:spider":1,"minecraft:zombie":1},"minecraft:killed":{"minecraft:zombie_villager":1,"minecraft:spider":1,"minecraft:skeleton":1},"minecraft:mined":{"minecraft:dark_oak_planks":2,"minecraft:crafting_table":1,"minecraft:granite":1,"minecraft:dark_oak_fence":1,"minecraft:dead_bush":65,"minecraft:hay_block":14,"minecraft:iron_ore":25,"minecraft:grass":2,"minecraft:coal_ore":7,"minecraft:oak_log":21,"minecraft:deepslate_iron_ore":23,"minecraft:gravel":3,"minecraft:sand":1,"minecraft:dirt":1,"minecraft:stone":17,"minecraft:oak_leaves":8,"minecraft:deepslate":11},"minecraft:custom":{"minecraft:interact_with_furnace":2,"minecraft:mob_kills":3,"minecraft:interact_with_crafting_table":4,"minecraft:time_since_death":9106,"minecraft:climb_one_cm":639,"minecraft:time_since_rest":9126,"minecraft:sprint_one_cm":225560,"minecraft:damage_taken":1861,"minecraft:walk_one_cm":115523,"minecraft:drop":6,"minecraft:damage_dealt":637,"minecraft:swim_one_cm":52753,"minecraft:fly_one_cm":120518,"minecraft:open_chest":1,"minecraft:crouch_one_cm":1502,"minecraft:play_time":47846,"minecraft:deaths":5,"minecraft:sneak_time":615,"minecraft:walk_under_water_one_cm":6450,"minecraft:boat_one_cm":53219,"minecraft:jump":793,"minecraft:walk_on_water_one_cm":11521,"minecraft:total_world_time":47846,"minecraft:fall_one_cm":23937,"minecraft:horse_one_cm":3646}},"DataVersion":3465}