{"stats":{"minecraft:picked_up":{"minecraft:crafting_table":6,"minecraft:wooden_pickaxe":1,"minecraft:oak_log":25,"minecraft:string":2,"minecraft:dirt":30,"minecraft:acacia_door":1,"minecraft:bone":2,"minecraft:apple":2,"minecraft:wheat_seeds":5,"minecraft:cobbled_deepslate":11,"minecraft:stone_pickaxe":1,"minecraft:oak_boat":3,"minecraft:melon_slice":52,"minecraft:sugar_cane":35,"minecraft:birch_sapling":1,"minecraft:oak_planks":23,"minecraft:furnace":1,"minecraft:stick":59,"minecraft:raw_iron":47,"minecraft:cooked_porkchop":1,"minecraft:acacia_log":11,"minecraft:gravel":3,"minecraft:sand":2,"minecraft:golden_axe":1,"minecraft:dark_oak_planks":1,"minecraft:arrow":1,"minecraft:rotten_flesh":1,"minecraft:stone_axe":1,"minecraft:hay_block":14,"minecraft:granite":1,"minecraft:oak_sapling":6,"minecraft:mutton":8,"minecraft:dark_oak_fence":1,"minecraft:coal":6,"minecraft:white_wool":5,"minecraft:cobblestone":48},"minecraft:used":{"minecraft:stone_sword":19,"minecraft:stone_pickaxe":95,"minecraft:oak_planks":8,"minecraft:wooden_pickaxe":41,"minecraft:cooked_chicken":1,"minecraft:dirt":18,"minecraft:sand":2,"minecraft:crafting_table":6,"minecraft:apple":2,"minecraft:acacia_door":1,"minecraft:melon_slice":14,"minecraft:bread":8,"minecraft:stone_axe":42,"minecraft:cobblestone":18,"minecraft:hay_block":5,"minecraft:oak_sapling":4,"minecraft:cooked_porkchop":1,"minecraft:oak_boat":3,"minecraft:golden_axe":7},"minecraft:dropped":{"minecraft:furnace":1,"minecraft:wheat_seeds":3,"minecraft:crafting_table":1,"minecraft:birch_sapling":1,"minecraft:golden_axe":1,"minecraft:acacia_log":1,"minecraft:oak_sapling":2,"minecraft:acacia_door":1,"minecraft:acacia_planks":1},"minecraft:crafted":{"minecraft:oak_planks":100,"minecraft:crafting_table":7,"minecraft:wooden_pickaxe":3,"minecraft:stone_axe":3,"minecraft:stick":44,"minecraft:stone_pickaxe":3,"minecraft:acacia_door":3,"minecraft:white_bed":1,"minecraft:acacia_planks":40},"minecraft:killed_by":{"minecraft:skeleton":1,"minecraft:creeper":1,"minecraft:spider":1,"minecraft:zombie":1},"minecraft:killed":{"minecraft:zombie_villager":1,"minecraft:spider":1,"minecraft:sheep":6,"minecraft:skeleton":1},"minecraft:mined":{"minecraft:dark_oak_planks":2,"minecraft:crafting_table":4,"minecraft:granite":1,"minecraft:dark_oak_fence":1,"minecraft:acacia_log":11,"minecraft:grass_block":10,"minecraft:melon":12,"minecraft:dead_bush":65,"minecraft:tall_grass":2,"minecraft:sugar_cane":26,"minecraft:hay_block":14,"minecraft:iron_ore":25,"minecraft:grass":16,"minecraft:coal_ore":9,"minecraft:oak_log":21,"minecraft:deepslate_iron_ore":23,"minecraft:acacia_door":1,"minecraft:gravel":3,"minecraft:sand":2,"minecraft:dirt":20,"minecraft:stone":47,"minecraft:oak_leaves":8,"minecraft:deepslate":11,"minecraft:fern":1},"minecraft:custom":{"minecraft:interact_with_furnace":2,"minecraft:mob_kills":9,"minecraft:interact_with_crafting_table":11,"minecraft:time_since_death":10325,"minecraft:climb_one_cm":2552,"minecraft:time_since_rest":10345,"minecraft:sprint_one_cm":340632,"minecraft:damage_taken":2201,"minecraft:walk_one_cm":180424,"minecraft:drop":12,"minecraft:damage_dealt":1137,"minecraft:swim_one_cm":83531,"minecraft:fly_one_cm":143951,"minecraft:open_chest":1,"minecraft:crouch_one_cm":1502,"minecraft:play_time":71744,"minecraft:deaths":6,"minecraft:sneak_time":632,"minecraft:walk_under_water_one_cm":13508,"minecraft:boat_one_cm":53219,"minecraft:jump":1187,"minecraft:walk_on_water_one_cm":15420,"minecraft:total_world_time":71744,"minecraft:fall_one_cm":29949,"minecraft:horse_one_cm":3646}},"DataVersion":3465}