{"stats":{"minecraft:picked_up":{"minecraft:bone":2,"minecraft:stick":11,"minecraft:raw_iron":39,"minecraft:arrow":1,"minecraft:rotten_flesh":1,"minecraft:cobbled_deepslate":7,"minecraft:hay_block":12,"minecraft:sand":1,"minecraft:coal":4,"minecraft:string":2,"minecraft:cobblestone":10},"minecraft:used":{"minecraft:cooked_chicken":1,"minecraft:stone_axe":14,"minecraft:stone_sword":19,"minecraft:sand":1,"minecraft:hay_block":4,"minecraft:bread":6,"minecraft:stone_pickaxe":74},"minecraft:killed":{"minecraft:skeleton":1,"minecraft:spider":1,"minecraft:zombie_villager":1},"minecraft:mined":{"minecraft:hay_block":12,"minecraft:coal_ore":7,"minecraft:deepslate_iron_ore":15,"minecraft:dead_bush":21,"minecraft:sand":1,"minecraft:iron_ore":24,"minecraft:stone":10,"minecraft:deepslate":7},"minecraft:custom":{"minecraft:time_since_rest":12000,"minecraft:play_time":12000,"minecraft:sprint_one_cm":70381,"minecraft:damage_taken":497,"minecraft:walk_one_cm":35988,"minecraft:mob_kills":3,"minecraft:jump":197,"minecraft:damage_dealt":560,"minecraft:time_since_death":12000,"minecraft:total_world_time":12000,"minecraft:fall_one_cm":5557,"minecraft:fly_one_cm":16841}},"DataVersion":3465}