{"stats":{"minecraft:picked_up":{"minecraft:crafting_table":8,"minecraft:cooked_beef":4,"minecraft:andesite":2,"minecraft:wooden_pickaxe":3,"minecraft:oak_log":25,"minecraft:string":2,"minecraft:dirt":38,"minecraft:acacia_door":5,"minecraft:bone":2,"minecraft:acacia_planks":23,"minecraft:apple":2,"minecraft:wheat_seeds":16,"minecraft:cobbled_deepslate":11,"minecraft:cooked_chicken":9,"minecraft:stone_pickaxe":3,"minecraft:oak_boat":3,"minecraft:melon_slice":52,"minecraft:sugar_cane":105,"minecraft:birch_sapling":1,"minecraft:oak_planks":23,"minecraft:furnace":1,"minecraft:stick":65,"minecraft:raw_iron":62,"minecraft:cooked_porkchop":1,"minecraft:acacia_log":11,"minecraft:gravel":3,"minecraft:porkchop":36,"minecraft:sand":2,"minecraft:golden_axe":1,"minecraft:dark_oak_planks":1,"minecraft:arrow":1,"minecraft:rotten_flesh":1,"minecraft:stone_axe":3,"minecraft:hay_block":14,"minecraft:granite":1,"minecraft:oak_sapling":6,"minecraft:mutton":54,"minecraft:dark_oak_fence":1,"minecraft:coal":23,"minecraft:white_wool":26,"minecraft:cobblestone":65},"minecraft:used":{"minecraft:stone_sword":19,"minecraft:stone_pickaxe":139,"minecraft:oak_planks":8,"minecraft:wooden_pickaxe":41,"minecraft:cooked_chicken":2,"minecraft:dirt":18,"minecraft:sand":2,"minecraft:crafting_table":7,"minecraft:white_bed":1,"minecraft:apple":2,"minecraft:acacia_door":1,"minecraft:melon_slice":14,"minecraft:bread":8,"minecraft:stone_axe":100,"minecraft:cobblestone":18,"minecraft:hay_block":5,"minecraft:furnace":1,"minecraft:oak_sapling":4,"minecraft:cooked_porkchop":1,"minecraft:oak_boat":3,"minecraft:acacia_planks":1,"minecraft:cooked_beef":3,"minecraft:golden_axe":7},"minecraft:dropped":{"minecraft:furnace":1,"minecraft:wheat_seeds":3,"minecraft:crafting_table":1,"minecraft:birch_sapling":1,"minecraft:golden_axe":1,"minecraft:acacia_log":1,"minecraft:oak_sapling":2,"minecraft:acacia_door":1,"minecraft:acacia_planks":1},"minecraft:crafted":{"minecraft:oak_planks":100,"minecraft:crafting_table":7,"minecraft:wooden_pickaxe":3,"minecraft:furnace":1,"minecraft:stone_axe":3,"minecraft:stick":44,"minecraft:stone_pickaxe":3,"minecraft:acacia_door":3,"minecraft:white_bed":1,"minecraft:acacia_planks":40},"minecraft:killed_by":{"minecraft:skeleton":2,"minecraft:creeper":2,"minecraft:spider":1,"minecraft:zombie":2},"minecraft:killed":{"minecraft:pig":7,"minecraft:zombie_villager":2,"minecraft:spider":1,"minecraft:sheep":13,"minecraft:skeleton":1,"minecraft:zombie":1},"minecraft:mined":{"minecraft:dark_oak_planks":2,"minecraft:crafting_table":4,"minecraft:granite":1,"minecraft:dark_oak_fence":1,"minecraft:acacia_log":11,"minecraft:grass_block":12,"minecraft:melon":12,"minecraft:dead_bush":65,"minecraft:tall_grass":2,"minecraft:sugar_cane":26,"minecraft:hay_block":14,"minecraft:iron_ore":38,"minecraft:andesite":1,"minecraft:grass":40,"minecraft:coal_ore":26,"minecraft:oak_log":21,"minecraft:deepslate_iron_ore":23,"minecraft:acacia_door":1,"minecraft:gravel":3,"minecraft:sand":2,"minecraft:dirt":20,"minecraft:stone":58,"minecraft:oak_leaves":8,"minecraft:deepslate":11,"minecraft:fern":1},"minecraft:custom":{"minecraft:interact_with_furnace":3,"minecraft:mob_kills":25,"minecraft:interact_with_crafting_table":13,"minecraft:time_since_death":261,"minecraft:sleep_in_bed":5,"minecraft:climb_one_cm":2552,"minecraft:time_since_rest":281,"minecraft:sprint_one_cm":353139,"minecraft:damage_taken":3316,"minecraft:walk_one_cm":266028,"minecraft:drop":12,"minecraft:damage_dealt":2893,"minecraft:swim_one_cm":83531,"minecraft:fly_one_cm":148929,"minecraft:open_chest":1,"minecraft:crouch_one_cm":1502,"minecraft:play_time":83573,"minecraft:deaths":9,"minecraft:sneak_time":632,"minecraft:walk_under_water_one_cm":13508,"minecraft:boat_one_cm":53219,"minecraft:jump":1381,"minecraft:walk_on_water_one_cm":16906,"minecraft:total_world_time":83573,"minecraft:fall_one_cm":36932,"minecraft:horse_one_cm":3646}},"DataVersion":3465}