{"stats":{"minecraft:picked_up":{"minecraft:crafting_table":16,"minecraft:cooked_beef":22,"minecraft:andesite":60,"minecraft:wooden_pickaxe":12,"minecraft:oak_log":25,"minecraft:shield":4,"minecraft:string":2,"minecraft:dirt":65,"minecraft:acacia_door":23,"minecraft:bone":2,"minecraft:acacia_planks":83,"minecraft:apple":2,"minecraft:wheat_seeds":52,"minecraft:cobbled_deepslate":20,"minecraft:iron_ingot":14,"minecraft:cooked_chicken":39,"minecraft:stone_pickaxe":11,"minecraft:oak_boat":3,"minecraft:iron_pickaxe":4,"minecraft:melon_slice":52,"minecraft:sugar_cane":420,"minecraft:iron_sword":3,"minecraft:birch_sapling":1,"minecraft:oak_planks":23,"minecraft:furnace":1,"minecraft:stick":93,"minecraft:raw_iron":73,"minecraft:cooked_porkchop":1,"minecraft:acacia_log":11,"minecraft:gravel":3,"minecraft:porkchop":144,"minecraft:sand":2,"minecraft:golden_axe":1,"minecraft:diorite":3,"minecraft:dark_oak_planks":1,"minecraft:arrow":1,"minecraft:rotten_flesh":1,"minecraft:stone_axe":10,"minecraft:hay_block":14,"minecraft:granite":1,"minecraft:oak_sapling":6,"minecraft:mutton":207,"minecraft:dark_oak_fence":1,"minecraft:coal":23,"minecraft:white_wool":82,"minecraft:cobblestone":114},"minecraft:used":{"minecraft:stone_sword":19,"minecraft:stone_pickaxe":139,"minecraft:oak_planks":8,"minecraft:shield":8,"minecraft:wooden_pickaxe":42,"minecraft:iron_sword":17,"minecraft:cooked_chicken":6,"minecraft:dirt":18,"minecraft:sand":2,"minecraft:crafting_table":7,"minecraft:white_bed":1,"minecraft:apple":2,"minecraft:acacia_door":1,"minecraft:melon_slice":14,"minecraft:bread":8,"minecraft:iron_pickaxe":8,"minecraft:stone_axe":100,"minecraft:cobblestone":20,"minecraft:hay_block":5,"minecraft:furnace":1,"minecraft:oak_sapling":4,"minecraft:cooked_porkchop":1,"minecraft:andesite":11,"minecraft:oak_boat":3,"minecraft:acacia_planks":1,"minecraft:cooked_beef":3,"minecraft:golden_axe":7},"minecraft:dropped":{"minecraft:furnace":1,"minecraft:wheat_seeds":3,"minecraft:crafting_table":1,"minecraft:birch_sapling":1,"minecraft:golden_axe":1,"minecraft:acacia_log":1,"minecraft:diorite":1,"minecraft:oak_sapling":2,"minecraft:acacia_door":1,"minecraft:acacia_planks":1},"minecraft:crafted":{"minecraft:oak_planks":100,"minecraft:crafting_table":7,"minecraft:wooden_pickaxe":3,"minecraft:iron_sword":1,"minecraft:furnace":1,"minecraft:stone_axe":3,"minecraft:shield":1,"minecraft:stick":48,"minecraft:iron_ingot":12,"minecraft:iron_pickaxe":1,"minecraft:stone_pickaxe":3,"minecraft:acacia_door":3,"minecraft:white_bed":1,"minecraft:acacia_planks":40},"minecraft:killed_by":{"minecraft:skeleton":5,"minecraft:creeper":3,"minecraft:spider":1,"minecraft:zombie":7},"minecraft:killed":{"minecraft:pig":7,"minecraft:zombie_villager":2,"minecraft:spider":1,"minecraft:sheep":13,"minecraft:skeleton":1,"minecraft:zombie":3},"minecraft:mined":{"minecraft:dark_oak_planks":2,"minecraft:crafting_table":4,"minecraft:granite":1,"minecraft:dark_oak_fence":1,"minecraft:acacia_log":11,"minecraft:grass_block":12,"minecraft:melon":12,"minecraft:dead_bush":65,"minecraft:cobblestone":1,"minecraft:tall_grass":2,"minecraft:sugar_cane":26,"minecraft:hay_block":14,"minecraft:iron_ore":38,"minecraft:andesite":1,"minecraft:grass":40,"minecraft:coal_ore":26,"minecraft:oak_log":21,"minecraft:deepslate_iron_ore":26,"minecraft:acacia_door":1,"minecraft:gravel":3,"minecraft:sand":2,"minecraft:dirt":20,"minecraft:stone":58,"minecraft:oak_leaves":8,"minecraft:deepslate":16,"minecraft:fern":1},"minecraft:custom":{"minecraft:interact_with_furnace":4,"minecraft:mob_kills":28,"minecraft:interact_with_crafting_table":15,"minecraft:time_since_death":1851,"minecraft:sleep_in_bed":5,"minecraft:climb_one_cm":2552,"minecraft:time_since_rest":1871,"minecraft:sprint_one_cm":393037,"minecraft:damage_taken":6106,"minecraft:walk_one_cm":317036,"minecraft:damage_blocked_by_shield":870,"minecraft:drop":13,"minecraft:damage_dealt":3683,"minecraft:swim_one_cm":83531,"minecraft:fly_one_cm":162177,"minecraft:open_chest":1,"minecraft:crouch_one_cm":1502,"minecraft:play_time":95467,"minecraft:deaths":18,"minecraft:sneak_time":632,"minecraft:walk_under_water_one_cm":13508,"minecraft:boat_one_cm":53219,"minecraft:jump":1642,"minecraft:walk_on_water_one_cm":16906,"minecraft:total_world_time":95467,"minecraft:fall_one_cm":58558,"minecraft:horse_one_cm":3646}},"DataVersion":3465}