{"stats":{"minecraft:picked_up":{"minecraft:raw_iron":12,"minecraft:iron_chestplate":1,"minecraft:leather_leggings":1,"minecraft:sand":16,"minecraft:oak_log":7,"minecraft:leather_helmet":1,"minecraft:leather_boots":1,"minecraft:stone_sword":2,"minecraft:rotten_flesh":2,"minecraft:stone_axe":1,"minecraft:iron_ingot":5,"minecraft:stone_pickaxe":1,"minecraft:bread":14,"minecraft:cobblestone":33},"minecraft:used":{"minecraft:stone_sword":33,"minecraft:stone_pickaxe":50,"minecraft:bread":5,"minecraft:sand":16,"minecraft:cobblestone":24,"minecraft:crafting_table":1,"minecraft:furnace":1},"minecraft:dropped":{"minecraft:bread":4,"minecraft:stone_sword":1,"minecraft:cobblestone":1},"minecraft:crafted":{"minecraft:oak_planks":28,"minecraft:crafting_table":1,"minecraft:furnace":1},"minecraft:killed_by":{"minecraft:iron_golem":1},"minecraft:killed":{"minecraft:iron_golem":1},"minecraft:mined":{"minecraft:iron_ore":12,"minecraft:sand":16,"minecraft:cobblestone":3,"minecraft:stone":30},"minecraft:custom":{"minecraft:time_since_rest":33729,"minecraft:interact_with_furnace":1,"minecraft:sprint_one_cm":37877,"minecraft:damage_taken":558,"minecraft:walk_one_cm":34649,"minecraft:mob_kills":1,"minecraft:drop":6,"minecraft:damage_dealt":1234,"minecraft:swim_one_cm":389,"minecraft:interact_with_crafting_table":1,"minecraft:fly_one_cm":96204,"minecraft:crouch_one_cm":764,"minecraft:play_time":36000,"minecraft:deaths":1,"minecraft:sneak_time":620,"minecraft:walk_under_water_one_cm":7266,"minecraft:jump":483,"minecraft:time_since_death":33703,"minecraft:walk_on_water_one_cm":9873,"minecraft:total_world_time":36000,"minecraft:fall_one_cm":18551}},"DataVersion":3465}