{"stats":{"minecraft:picked_up":{"minecraft:stick":1,"minecraft:raw_iron":12,"minecraft:iron_chestplate":1,"minecraft:leather_leggings":1,"minecraft:sand":16,"minecraft:oak_log":14,"minecraft:leather_helmet":1,"minecraft:smooth_sandstone":1,"minecraft:leather_boots":1,"minecraft:stone_sword":3,"minecraft:bone":2,"minecraft:rotten_flesh":2,"minecraft:stone_axe":1,"minecraft:iron_ingot":5,"minecraft:stone_pickaxe":1,"minecraft:bread":15,"minecraft:birch_sapling":1,"minecraft:cobblestone":34},"minecraft:used":{"minecraft:stone_sword":38,"minecraft:stone_pickaxe":51,"minecraft:bread":9,"minecraft:stone_axe":7,"minecraft:sand":16,"minecraft:cobblestone":24,"minecraft:crafting_table":1,"minecraft:furnace":1,"minecraft:oak_boat":1},"minecraft:dropped":{"minecraft:bread":5,"minecraft:stone_sword":2,"minecraft:cobblestone":1},"minecraft:crafted":{"minecraft:oak_boat":2,"minecraft:oak_planks":56,"minecraft:iron_boots":1,"minecraft:shield":1,"minecraft:crafting_table":1,"minecraft:iron_ingot":12,"minecraft:iron_helmet":1,"minecraft:iron_leggings":1,"minecraft:furnace":1,"minecraft:air":0},"minecraft:killed_by":{"minecraft:iron_golem":1},"minecraft:killed":{"minecraft:iron_golem":1},"minecraft:mined":{"minecraft:iron_ore":12,"minecraft:oak_log":7,"minecraft:sand":16,"minecraft:cobblestone":4,"minecraft:stone":30},"minecraft:custom":{"minecraft:time_since_rest":45729,"minecraft:interact_with_furnace":2,"minecraft:sprint_one_cm":58342,"minecraft:damage_taken":679,"minecraft:walk_one_cm":48297,"minecraft:mob_kills":1,"minecraft:drop":8,"minecraft:damage_dealt":1439,"minecraft:swim_one_cm":389,"minecraft:interact_with_crafting_table":7,"minecraft:fly_one_cm":132310,"minecraft:crouch_one_cm":810,"minecraft:play_time":48000,"minecraft:deaths":1,"minecraft:sneak_time":987,"minecraft:walk_under_water_one_cm":7266,"minecraft:boat_one_cm":12555,"minecraft:jump":627,"minecraft:time_since_death":45703,"minecraft:walk_on_water_one_cm":10115,"minecraft:total_world_time":48000,"minecraft:fall_one_cm":23232}},"DataVersion":3465}