{"stats":{"minecraft:picked_up":{"minecraft:wheat":2,"minecraft:stick":1,"minecraft:raw_iron":12,"minecraft:iron_chestplate":1,"minecraft:leather_leggings":1,"minecraft:sand":16,"minecraft:oak_log":14,"minecraft:acacia_boat":1,"minecraft:leather_helmet":1,"minecraft:smooth_sandstone":1,"minecraft:leather_boots":1,"minecraft:stone_sword":3,"minecraft:bone":2,"minecraft:rotten_flesh":2,"minecraft:stone_axe":1,"minecraft:wheat_seeds":5,"minecraft:iron_ingot":5,"minecraft:stone_pickaxe":1,"minecraft:oak_boat":3,"minecraft:bread":15,"minecraft:birch_sapling":1,"minecraft:cobblestone":34},"minecraft:used":{"minecraft:stone_sword":42,"minecraft:stone_pickaxe":51,"minecraft:bread":9,"minecraft:oak_planks":2,"minecraft:stone_axe":7,"minecraft:sand":16,"minecraft:cobblestone":24,"minecraft:crafting_table":1,"minecraft:furnace":1,"minecraft:oak_boat":3},"minecraft:dropped":{"minecraft:bread":5,"minecraft:stone_sword":2,"minecraft:cobblestone":1},"minecraft:crafted":{"minecraft:oak_boat":2,"minecraft:oak_planks":56,"minecraft:iron_boots":1,"minecraft:shield":1,"minecraft:crafting_table":1,"minecraft:iron_ingot":12,"minecraft:iron_helmet":1,"minecraft:iron_leggings":1,"minecraft:furnace":1,"minecraft:air":0},"minecraft:killed_by":{"minecraft:iron_golem":1},"minecraft:killed":{"minecraft:iron_golem":1},"minecraft:mined":{"minecraft:wheat":2,"minecraft:iron_ore":12,"minecraft:grass":1,"minecraft:oak_log":7,"minecraft:sand":16,"minecraft:cobblestone":4,"minecraft:stone":30},"minecraft:custom":{"minecraft:time_since_rest":1237,"minecraft:interact_with_furnace":2,"minecraft:sprint_one_cm":66057,"minecraft:damage_taken":1065,"minecraft:walk_one_cm":60982,"minecraft:mob_kills":1,"minecraft:drop":8,"minecraft:damage_dealt":1452,"minecraft:swim_one_cm":389,"minecraft:interact_with_crafting_table":7,"minecraft:fly_one_cm":142279,"minecraft:crouch_one_cm":810,"minecraft:play_time":57754,"minecraft:deaths":2,"minecraft:sneak_time":987,"minecraft:walk_under_water_one_cm":8043,"minecraft:boat_one_cm":50805,"minecraft:jump":735,"minecraft:leave_game":1,"minecraft:time_since_death":624,"minecraft:walk_on_water_one_cm":13476,"minecraft:total_world_time":57754,"minecraft:fall_one_cm":29039}},"DataVersion":3465}