{"stats":{"minecraft:picked_up":{"minecraft:iron_chestplate":1,"minecraft:stone_sword":2,"minecraft:leather_boots":1,"minecraft:rotten_flesh":2,"minecraft:leather_leggings":1,"minecraft:stone_axe":1,"minecraft:iron_ingot":5,"minecraft:stone_pickaxe":1,"minecraft:sand":16,"minecraft:bread":14,"minecraft:cobblestone":12,"minecraft:leather_helmet":1},"minecraft:used":{"minecraft:cobblestone":11,"minecraft:stone_sword":33,"minecraft:sand":16,"minecraft:bread":4,"minecraft:stone_pickaxe":17},"minecraft:dropped":{"minecraft:bread":4,"minecraft:stone_sword":1},"minecraft:killed_by":{"minecraft:iron_golem":1},"minecraft:killed":{"minecraft:iron_golem":1},"minecraft:mined":{"minecraft:sand":16,"minecraft:stone":12},"minecraft:custom":{"minecraft:time_since_rest":21729,"minecraft:crouch_one_cm":144,"minecraft:play_time":24000,"minecraft:sprint_one_cm":35115,"minecraft:walk_one_cm":21964,"minecraft:damage_taken":552,"minecraft:deaths":1,"minecraft:walk_under_water_one_cm":7266,"minecraft:sneak_time":438,"minecraft:mob_kills":1,"minecraft:drop":5,"minecraft:jump":450,"minecraft:damage_dealt":1234,"minecraft:walk_on_water_one_cm":9873,"minecraft:time_since_death":21703,"minecraft:total_world_time":24000,"minecraft:swim_one_cm":389,"minecraft:fall_one_cm":18133,"minecraft:fly_one_cm":93900}},"DataVersion":3465}