{"stats":{"minecraft:picked_up":{"minecraft:iron_chestplate":1,"minecraft:stick":1,"minecraft:raw_iron":12,"minecraft:wheat":2,"minecraft:feather":3,"minecraft:chicken":2,"minecraft:jungle_log":4,"minecraft:leather_leggings":1,"minecraft:sand":16,"minecraft:oak_log":17,"minecraft:yellow_bed":1,"minecraft:white_bed":1,"minecraft:acacia_boat":1,"minecraft:leather_helmet":1,"minecraft:smooth_sandstone":1,"minecraft:leather_boots":1,"minecraft:stone_sword":3,"minecraft:bone":2,"minecraft:rotten_flesh":2,"minecraft:stone_axe":1,"minecraft:wheat_seeds":5,"minecraft:iron_ingot":5,"minecraft:stone_pickaxe":1,"minecraft:oak_boat":3,"minecraft:bread":15,"minecraft:birch_sapling":1,"minecraft:cobblestone":34},"minecraft:used":{"minecraft:wooden_axe":1,"minecraft:stone_sword":42,"minecraft:bread":9,"minecraft:stone_pickaxe":51,"minecraft:oak_planks":2,"minecraft:stone_axe":7,"minecraft:sand":16,"minecraft:cobblestone":24,"minecraft:crafting_table":2,"minecraft:furnace":1,"minecraft:oak_boat":3,"minecraft:cooked_beef":1},"minecraft:dropped":{"minecraft:bread":5,"minecraft:stone_sword":2,"minecraft:chicken":1,"minecraft:cobblestone":1},"minecraft:crafted":{"minecraft:oak_boat":2,"minecraft:oak_planks":68,"minecraft:iron_boots":1,"minecraft:shield":1,"minecraft:crafting_table":2,"minecraft:stick":8,"minecraft:iron_ingot":12,"minecraft:wooden_axe":1,"minecraft:iron_helmet":1,"minecraft:iron_leggings":1,"minecraft:furnace":1,"minecraft:air":0,"minecraft:jungle_planks":16},"minecraft:killed_by":{"minecraft:iron_golem":2},"minecraft:killed":{"minecraft:iron_golem":1},"minecraft:mined":{"minecraft:white_bed":2,"minecraft:iron_ore":12,"minecraft:wheat":2,"minecraft:yellow_bed":1,"minecraft:jungle_log":4,"minecraft:grass":1,"minecraft:oak_log":10,"minecraft:vine":1,"minecraft:sand":16,"minecraft:cobblestone":4,"minecraft:stone":30},"minecraft:custom":{"minecraft:time_since_rest":2302,"minecraft:interact_with_furnace":2,"minecraft:sprint_one_cm":76865,"minecraft:damage_taken":1506,"minecraft:walk_one_cm":79313,"minecraft:mob_kills":1,"minecraft:drop":9,"minecraft:damage_dealt":1597,"minecraft:swim_one_cm":389,"minecraft:interact_with_crafting_table":8,"minecraft:fly_one_cm":165179,"minecraft:crouch_one_cm":1239,"minecraft:play_time":69175,"minecraft:deaths":3,"minecraft:sneak_time":1709,"minecraft:walk_under_water_one_cm":8043,"minecraft:boat_one_cm":50805,"minecraft:jump":869,"minecraft:leave_game":2,"minecraft:walk_on_water_one_cm":13476,"minecraft:time_since_death":2221,"minecraft:climb_one_cm":448,"minecraft:total_world_time":69175,"minecraft:fall_one_cm":31930}},"DataVersion":3465}