{"stats":{"minecraft:picked_up":{"minecraft:wooden_axe":1,"minecraft:stick":6,"minecraft:cooked_beef":13,"minecraft:feather":3,"minecraft:chicken":2,"minecraft:smithing_table":1,"minecraft:jungle_planks":16,"minecraft:oak_log":24,"minecraft:yellow_bed":5,"minecraft:white_bed":6,"minecraft:dirt":37,"minecraft:bone":1,"minecraft:arrow":2,"minecraft:wheat_seeds":1,"minecraft:hay_block":22,"minecraft:iron_ingot":5,"minecraft:cooked_chicken":5,"minecraft:poppy":4,"minecraft:melon_slice":22,"minecraft:oak_planks":1,"minecraft:furnace":1},"minecraft:used":{"minecraft:wooden_hoe":24,"minecraft:bread":4,"minecraft:melon_slice":3,"minecraft:oak_planks":6,"minecraft:cooked_chicken":1,"minecraft:stone_axe":37,"minecraft:dirt":15,"minecraft:crafting_table":2,"minecraft:yellow_bed":3,"minecraft:white_bed":4},"minecraft:dropped":{"minecraft:poppy":4,"minecraft:bread":16,"minecraft:furnace":1,"minecraft:shield":1,"minecraft:wheat_seeds":1,"minecraft:cooked_beef":18,"minecraft:wooden_hoe":1,"minecraft:wooden_axe":1,"minecraft:chicken":2},"minecraft:crafted":{"minecraft:oak_planks":96,"minecraft:wooden_hoe":1,"minecraft:shield":2,"minecraft:crafting_table":2,"minecraft:stick":12,"minecraft:bread":66,"minecraft:wheat":198},"minecraft:killed":{"minecraft:iron_golem":1},"minecraft:mined":{"minecraft:hay_block":23,"minecraft:white_bed":4,"minecraft:yellow_bed":4,"minecraft:grass":5,"minecraft:grass_block":24,"minecraft:oak_log":3,"minecraft:melon":5,"minecraft:dead_bush":1,"minecraft:dirt":14,"minecraft:oak_planks":1,"minecraft:oak_leaves":1,"minecraft:fern":2,"minecraft:smithing_table":1},"minecraft:custom":{"minecraft:interact_with_furnace":5,"minecraft:time_since_rest":8000,"minecraft:sprint_one_cm":122616,"minecraft:damage_taken":267,"minecraft:walk_one_cm":41831,"minecraft:mob_kills":1,"minecraft:drop":29,"minecraft:damage_dealt":1186,"minecraft:interact_with_crafting_table":3,"minecraft:fly_one_cm":200,"minecraft:open_chest":4,"minecraft:crouch_one_cm":1665,"minecraft:play_time":18000,"minecraft:sneak_time":1236,"minecraft:time_since_death":18000,"minecraft:sleep_in_bed":1,"minecraft:total_world_time":18000,"minecraft:climb_one_cm":90}},"DataVersion":3465}