{"stats":{"minecraft:picked_up":{"minecraft:wheat_seeds":1,"minecraft:oak_log":24,"minecraft:white_bed":1,"minecraft:melon_slice":22,"minecraft:furnace":1},"minecraft:used":{"minecraft:stone_axe":14,"minecraft:melon_slice":1},"minecraft:dropped":{"minecraft:bread":10,"minecraft:furnace":1,"minecraft:wheat_seeds":1},"minecraft:mined":{"minecraft:grass":4,"minecraft:oak_log":3,"minecraft:melon":5,"minecraft:dead_bush":1,"minecraft:fern":2},"minecraft:custom":{"minecraft:open_chest":2,"minecraft:time_since_rest":6000,"minecraft:crouch_one_cm":397,"minecraft:play_time":6000,"minecraft:sprint_one_cm":43129,"minecraft:damage_taken":52,"minecraft:walk_one_cm":16911,"minecraft:sneak_time":323,"minecraft:drop":12,"minecraft:damage_dealt":60,"minecraft:time_since_death":6000,"minecraft:climb_one_cm":90,"minecraft:total_world_time":6000}},"DataVersion":3465}