{"stats":{"minecraft:picked_up":{"minecraft:stick":10,"minecraft:raw_iron":1,"minecraft:stone":1,"minecraft:pig_spawn_egg":3,"minecraft:green_bed":2,"minecraft:sand":1,"minecraft:porkchop":80,"minecraft:carrot":1,"minecraft:grass_block":1,"minecraft:light":63,"minecraft:bat_spawn_egg":3,"minecraft:gunpowder":3,"minecraft:cyan_bed":1,"minecraft:spider_eye":1,"minecraft:string":2,"minecraft:orange_terracotta":5,"minecraft:zombie_spawn_egg":1,"minecraft:cactus":1,"minecraft:arrow":8,"minecraft:rotten_flesh":40,"minecraft:netherite_sword":4,"minecraft:hay_block":2,"minecraft:bone_meal":1,"minecraft:mossy_stone_bricks":3,"minecraft:terracotta":18,"minecraft:coal":2,"minecraft:cobblestone":3},"minecraft:used":{"minecraft:mossy_stone_bricks":147,"minecraft:netherite_sword":54,"minecraft:light":192,"minecraft:stone_sword":6,"minecraft:dirt_path":1,"minecraft:bread":1,"minecraft:grass_block":192,"minecraft:stone_pickaxe":33,"minecraft:pig_spawn_egg":11,"minecraft:oak_sign":1,"minecraft:mossy_stone_brick_stairs":12,"minecraft:stone":6,"minecraft:zombie_spawn_egg":9,"minecraft:green_bed":1,"minecraft:mossy_stone_brick_slab":1,"minecraft:cooked_chicken":1,"minecraft:stone_axe":8,"minecraft:sand":1,"minecraft:trapped_chest":3,"minecraft:cooked_beef":2,"minecraft:bone_meal":64,"minecraft:bat_spawn_egg":29},"minecraft:dropped":{"minecraft:zombie_spawn_egg":2,"minecraft:light":3},"minecraft:killed":{"minecraft:husk":1,"minecraft:zombie":36,"minecraft:pig":11,"minecraft:spider":1,"minecraft:creeper":2},"minecraft:mined":{"minecraft:hay_block":2,"minecraft:iron_ore":1,"minecraft:orange_terracotta":6,"minecraft:potted_cactus":1,"minecraft:coal_ore":3,"minecraft:dead_bush":8,"minecraft:sand":1,"minecraft:stone":3,"minecraft:terracotta":19,"minecraft:cyan_bed":1,"minecraft:green_bed":2},"minecraft:custom":{"minecraft:time_since_rest":3972,"minecraft:damage_taken":705,"minecraft:sprint_one_cm":102072,"minecraft:walk_one_cm":150369,"minecraft:trigger_trapped_chest":4,"minecraft:mob_kills":22,"minecraft:drop":5,"minecraft:damage_dealt":4056,"minecraft:fly_one_cm":550263,"minecraft:crouch_one_cm":11800,"minecraft:play_time":135469,"minecraft:deaths":6,"minecraft:sneak_time":4135,"minecraft:walk_under_water_one_cm":458,"minecraft:jump":1094,"minecraft:leave_game":9,"minecraft:walk_on_water_one_cm":683,"minecraft:time_since_death":3941,"minecraft:sleep_in_bed":1,"minecraft:total_world_time":135469,"minecraft:fall_one_cm":31001}},"DataVersion":3465}