{"stats":{"minecraft:custom":{"minecraft:time_since_rest":6412,"minecraft:crouch_one_cm":3951,"minecraft:play_time":72224,"minecraft:sprint_one_cm":21768,"minecraft:deaths":3,"minecraft:walk_one_cm":57525,"minecraft:sneak_time":1362,"minecraft:trigger_trapped_chest":2,"minecraft:mob_kills":5,"minecraft:jump":212,"minecraft:damage_dealt":821,"minecraft:leave_game":7,"minecraft:time_since_death":6388,"minecraft:total_world_time":72224,"minecraft:fall_one_cm":1428,"minecraft:fly_one_cm":180863},"minecraft:mined":{"minecraft:dead_bush":1,"minecraft:sand":1},"minecraft:killed":{"minecraft:husk":1,"minecraft:pig":11,"minecraft:creeper":1},"minecraft:picked_up":{"minecraft:arrow":8,"minecraft:pig_spawn_egg":3,"minecraft:netherite_sword":3,"minecraft:porkchop":80,"minecraft:sand":1,"minecraft:mossy_stone_bricks":3,"minecraft:gunpowder":1,"minecraft:bat_spawn_egg":3},"minecraft:used":{"minecraft:mossy_stone_bricks":147,"minecraft:netherite_sword":9,"minecraft:dirt_path":1,"minecraft:sand":1,"minecraft:pig_spawn_egg":11,"minecraft:trapped_chest":3,"minecraft:stone":2,"minecraft:bone_meal":29,"minecraft:bat_spawn_egg":29}},"DataVersion":3465}