{"stats":{"minecraft:picked_up":{"minecraft:birch_log":46,"minecraft:crafting_table":2,"minecraft:clay_ball":8,"minecraft:water_bucket":1,"minecraft:oak_log":55,"minecraft:bat_spawn_egg":3,"minecraft:light":63,"minecraft:gunpowder":3,"minecraft:dirt":3,"minecraft:string":2,"minecraft:orange_terracotta":5,"minecraft:apple":1,"minecraft:wheat_seeds":2,"minecraft:cobbled_deepslate":1,"minecraft:netherite_sword":4,"minecraft:rabbit_hide":1,"minecraft:iron_ingot":2,"minecraft:azalea":1,"minecraft:mossy_stone_bricks":3,"minecraft:rabbit":1,"minecraft:birch_sapling":8,"minecraft:furnace":5,"minecraft:stick":63,"minecraft:raw_iron":45,"minecraft:stone":1,"minecraft:pig_spawn_egg":3,"minecraft:torch":1,"minecraft:green_bed":2,"minecraft:porkchop":82,"minecraft:sand":1,"minecraft:diorite":1,"minecraft:grass_block":1,"minecraft:carrot":1,"minecraft:cyan_bed":1,"minecraft:spider_eye":1,"minecraft:zombie_spawn_egg":1,"minecraft:arrow":8,"minecraft:cactus":1,"minecraft:rotten_flesh":44,"minecraft:hay_block":2,"minecraft:bone_meal":1,"minecraft:terracotta":18,"minecraft:mutton":2,"minecraft:oak_sapling":30,"minecraft:glow_berries":8,"minecraft:coal":91,"minecraft:white_wool":2,"minecraft:cobblestone":23},"minecraft:used":{"minecraft:cooked_mutton":2,"minecraft:water_bucket":11,"minecraft:mossy_stone_bricks":147,"minecraft:netherite_sword":54,"minecraft:stone_sword":25,"minecraft:dirt_path":1,"minecraft:stone_pickaxe":113,"minecraft:oak_sign":1,"minecraft:mossy_stone_brick_stairs":12,"minecraft:zombie_spawn_egg":9,"minecraft:stone":6,"minecraft:green_bed":1,"minecraft:mossy_stone_brick_slab":1,"minecraft:cooked_chicken":1,"minecraft:torch":5,"minecraft:glow_berries":8,"minecraft:sand":1,"minecraft:crafting_table":5,"minecraft:bat_spawn_egg":29,"minecraft:light":192,"minecraft:apple":1,"minecraft:grass_block":192,"minecraft:bread":10,"minecraft:pig_spawn_egg":11,"minecraft:stone_axe":52,"minecraft:furnace":5,"minecraft:cooked_porkchop":1,"minecraft:bucket":12,"minecraft:oak_boat":2,"minecraft:trapped_chest":3,"minecraft:cooked_beef":2,"minecraft:bone_meal":64},"minecraft:dropped":{"minecraft:water_bucket":1,"minecraft:zombie_spawn_egg":2,"minecraft:oak_log":7,"minecraft:cooked_porkchop":1,"minecraft:cobblestone":8,"minecraft:leather_helmet":1,"minecraft:stick":10,"minecraft:light":3,"minecraft:leather_boots":1,"minecraft:leather_leggings":1},"minecraft:crafted":{"minecraft:oak_planks":36,"minecraft:cooked_porkchop":2,"minecraft:crafting_table":3,"minecraft:iron_helmet":1,"minecraft:furnace":2,"minecraft:bucket":1,"minecraft:cooked_mutton":2,"minecraft:air":0,"minecraft:oak_boat":4,"minecraft:iron_boots":1,"minecraft:iron_ingot":21,"minecraft:iron_leggings":1,"minecraft:torch":4},"minecraft:killed":{"minecraft:husk":1,"minecraft:pig":12,"minecraft:spider":1,"minecraft:creeper":2,"minecraft:sheep":2,"minecraft:zombie":36},"minecraft:mined":{"minecraft:orange_terracotta":6,"minecraft:potted_cactus":1,"minecraft:smooth_sandstone":1,"minecraft:clay":2,"minecraft:crafting_table":2,"minecraft:cave_vines_plant":7,"minecraft:grass_block":3,"minecraft:dead_bush":8,"minecraft:sculk_sensor":1,"minecraft:tall_grass":1,"minecraft:cyan_bed":1,"minecraft:diorite":1,"minecraft:hay_block":2,"minecraft:furnace":5,"minecraft:birch_log":7,"minecraft:iron_ore":25,"minecraft:grass":1,"minecraft:coal_ore":35,"minecraft:oak_log":11,"minecraft:cave_vines":10,"minecraft:sand":1,"minecraft:dirt":1,"minecraft:terracotta":19,"minecraft:azalea":1,"minecraft:stone":17,"minecraft:oak_leaves":2,"minecraft:green_bed":2,"minecraft:deepslate":1},"minecraft:custom":{"minecraft:interact_with_furnace":24,"minecraft:mob_kills":26,"minecraft:interact_with_crafting_table":9,"minecraft:leave_game":10,"minecraft:time_since_death":44335,"minecraft:sleep_in_bed":1,"minecraft:climb_one_cm":355,"minecraft:time_since_rest":44366,"minecraft:sprint_one_cm":183454,"minecraft:damage_taken":1402,"minecraft:walk_one_cm":215475,"minecraft:trigger_trapped_chest":4,"minecraft:drop":29,"minecraft:damage_dealt":4850,"minecraft:swim_one_cm":3547,"minecraft:fly_one_cm":678876,"minecraft:open_chest":2,"minecraft:crouch_one_cm":26868,"minecraft:play_time":175863,"minecraft:deaths":6,"minecraft:sneak_time":10333,"minecraft:walk_under_water_one_cm":15329,"minecraft:boat_one_cm":117931,"minecraft:jump":1710,"minecraft:walk_on_water_one_cm":16587,"minecraft:total_world_time":175863,"minecraft:fall_one_cm":51842}},"DataVersion":3465}