{"stats":{"minecraft:picked_up":{"minecraft:fishing_rod":1,"minecraft:crafting_table":2,"minecraft:iron_chestplate":1,"minecraft:wheat":9,"minecraft:clay_ball":16,"minecraft:light":63,"minecraft:string":2,"minecraft:cobbled_deepslate":1,"minecraft:netherite_sword":4,"minecraft:beef":4,"minecraft:oak_boat":1,"minecraft:azalea":1,"minecraft:birch_sapling":8,"minecraft:furnace":8,"minecraft:stick":85,"minecraft:raw_iron":45,"minecraft:stone":1,"minecraft:torch":1,"minecraft:green_bed":2,"minecraft:acacia_log":8,"minecraft:porkchop":85,"minecraft:diorite":2,"minecraft:carrot":1,"minecraft:zombie_spawn_egg":1,"minecraft:orange_bed":2,"minecraft:cactus":1,"minecraft:stone_sword":1,"minecraft:arrow":8,"minecraft:rotten_flesh":44,"minecraft:hay_block":22,"minecraft:saddle":1,"minecraft:glow_berries":8,"minecraft:mutton":14,"minecraft:white_wool":8,"minecraft:cobblestone":44,"minecraft:birch_log":98,"minecraft:water_bucket":2,"minecraft:jungle_log":23,"minecraft:leather":1,"minecraft:oak_log":119,"minecraft:bat_spawn_egg":3,"minecraft:gunpowder":3,"minecraft:dirt":19,"minecraft:orange_terracotta":5,"minecraft:cooked_mutton":2,"minecraft:apple":1,"minecraft:wheat_seeds":53,"minecraft:rabbit_hide":1,"minecraft:iron_ingot":6,"minecraft:stone_pickaxe":1,"minecraft:mossy_stone_bricks":3,"minecraft:rabbit":2,"minecraft:oak_planks":4,"minecraft:pig_spawn_egg":3,"minecraft:sand":1,"minecraft:grass_block":1,"minecraft:cyan_bed":1,"minecraft:spider_eye":1,"minecraft:bone_meal":1,"minecraft:bread":1,"minecraft:terracotta":18,"minecraft:oak_sapling":38,"minecraft:coal":120},"minecraft:used":{"minecraft:netherite_sword":54,"minecraft:stone_sword":35,"minecraft:oak_sign":1,"minecraft:stone":6,"minecraft:zombie_spawn_egg":9,"minecraft:mossy_stone_brick_slab":1,"minecraft:cooked_chicken":1,"minecraft:iron_chestplate":1,"minecraft:torch":5,"minecraft:dirt":7,"minecraft:grass_block":192,"minecraft:furnace":6,"minecraft:trapped_chest":3,"minecraft:cooked_beef":2,"minecraft:cooked_mutton":5,"minecraft:mossy_stone_bricks":147,"minecraft:water_bucket":11,"minecraft:dirt_path":1,"minecraft:stone_pickaxe":113,"minecraft:wooden_pickaxe":37,"minecraft:mossy_stone_brick_stairs":12,"minecraft:green_bed":1,"minecraft:white_wool":2,"minecraft:glow_berries":8,"minecraft:sand":1,"minecraft:crafting_table":8,"minecraft:bat_spawn_egg":29,"minecraft:light":192,"minecraft:apple":1,"minecraft:bread":10,"minecraft:pig_spawn_egg":11,"minecraft:stone_axe":80,"minecraft:cooked_porkchop":1,"minecraft:bucket":12,"minecraft:oak_boat":3,"minecraft:bone_meal":64},"minecraft:dropped":{"minecraft:water_bucket":1,"minecraft:oak_log":7,"minecraft:cooked_porkchop":1,"minecraft:cobblestone":8,"minecraft:leather":1,"minecraft:leather_helmet":1,"minecraft:stick":10,"minecraft:white_wool":1,"minecraft:zombie_spawn_egg":2,"minecraft:light":3,"minecraft:rabbit_hide":1,"minecraft:leather_boots":1,"minecraft:oak_sapling":7,"minecraft:leather_leggings":1},"minecraft:crafted":{"minecraft:oak_planks":64,"minecraft:furnace":3,"minecraft:cooked_mutton":3,"minecraft:iron_boots":1,"minecraft:cooked_porkchop":2,"minecraft:crafting_table":6,"minecraft:wooden_pickaxe":2,"minecraft:iron_helmet":1,"minecraft:bucket":1,"minecraft:stone_axe":1,"minecraft:air":0,"minecraft:oak_boat":4,"minecraft:stick":8,"minecraft:iron_ingot":21,"minecraft:wooden_axe":1,"minecraft:iron_leggings":1,"minecraft:torch":4},"minecraft:killed_by":{"minecraft:drowned":2,"minecraft:skeleton":1},"minecraft:killed":{"minecraft:spider":1,"minecraft:husk":1,"minecraft:pig":14,"minecraft:creeper":2,"minecraft:sheep":8,"minecraft:zombie":36,"minecraft:cow":1},"minecraft:mined":{"minecraft:potted_cactus":1,"minecraft:cave_vines_plant":7,"minecraft:acacia_log":2,"minecraft:grass_block":6,"minecraft:jungle_log":1,"minecraft:hay_block":13,"minecraft:furnace":6,"minecraft:iron_ore":25,"minecraft:suspicious_sand":1,"minecraft:cave_vines":10,"minecraft:azalea":1,"minecraft:stone":38,"minecraft:green_bed":2,"minecraft:orange_bed":2,"minecraft:podzol":1,"minecraft:orange_terracotta":6,"minecraft:clay":2,"minecraft:smooth_sandstone":1,"minecraft:crafting_table":3,"minecraft:dead_bush":8,"minecraft:sculk_sensor":1,"minecraft:tall_grass":5,"minecraft:cyan_bed":1,"minecraft:diorite":1,"minecraft:birch_log":8,"minecraft:wheat":23,"minecraft:grass":21,"minecraft:oak_log":23,"minecraft:coal_ore":35,"minecraft:sand":3,"minecraft:dirt":10,"minecraft:terracotta":19,"minecraft:oak_leaves":11,"minecraft:deepslate":1,"minecraft:fern":8},"minecraft:custom":{"minecraft:mob_kills":35,"minecraft:interact_with_crafting_table":18,"minecraft:leave_game":10,"minecraft:time_since_death":12241,"minecraft:climb_one_cm":960,"minecraft:sprint_one_cm":255175,"minecraft:walk_one_cm":252846,"minecraft:drop":33,"minecraft:play_time":199863,"minecraft:deaths":10,"minecraft:sneak_time":14108,"minecraft:walk_under_water_one_cm":25581,"minecraft:boat_one_cm":124681,"minecraft:jump":2346,"minecraft:walk_on_water_one_cm":18893,"minecraft:total_world_time":199863,"minecraft:interact_with_furnace":28,"minecraft:sleep_in_bed":1,"minecraft:time_since_rest":12269,"minecraft:damage_taken":2591,"minecraft:trigger_trapped_chest":4,"minecraft:damage_dealt":5666,"minecraft:swim_one_cm":22797,"minecraft:fly_one_cm":799156,"minecraft:open_chest":7,"minecraft:crouch_one_cm":34092,"minecraft:fall_one_cm":72352}},"DataVersion":3465}