{"stats":{"minecraft:picked_up":{"minecraft:stone":1,"minecraft:pig_spawn_egg":3,"minecraft:sand":1,"minecraft:porkchop":80,"minecraft:carrot":1,"minecraft:gunpowder":3,"minecraft:grass_block":1,"minecraft:light":63,"minecraft:bat_spawn_egg":3,"minecraft:spider_eye":1,"minecraft:string":2,"minecraft:zombie_spawn_egg":1,"minecraft:arrow":8,"minecraft:rotten_flesh":39,"minecraft:netherite_sword":4,"minecraft:bone_meal":1,"minecraft:mossy_stone_bricks":3},"minecraft:used":{"minecraft:mossy_stone_bricks":147,"minecraft:netherite_sword":54,"minecraft:light":192,"minecraft:dirt_path":1,"minecraft:grass_block":192,"minecraft:pig_spawn_egg":11,"minecraft:oak_sign":1,"minecraft:mossy_stone_brick_stairs":12,"minecraft:stone":6,"minecraft:zombie_spawn_egg":9,"minecraft:mossy_stone_brick_slab":1,"minecraft:sand":1,"minecraft:trapped_chest":3,"minecraft:bone_meal":64,"minecraft:bat_spawn_egg":29},"minecraft:dropped":{"minecraft:zombie_spawn_egg":2,"minecraft:light":3},"minecraft:killed":{"minecraft:husk":1,"minecraft:zombie":34,"minecraft:pig":11,"minecraft:spider":1,"minecraft:creeper":2},"minecraft:mined":{"minecraft:dead_bush":1,"minecraft:sand":1},"minecraft:custom":{"minecraft:time_since_rest":38023,"minecraft:sprint_one_cm":50160,"minecraft:walk_one_cm":123038,"minecraft:trigger_trapped_chest":4,"minecraft:mob_kills":20,"minecraft:drop":5,"minecraft:damage_dealt":3752,"minecraft:fly_one_cm":417442,"minecraft:crouch_one_cm":6521,"minecraft:play_time":117469,"minecraft:deaths":4,"minecraft:sneak_time":2536,"minecraft:jump":528,"minecraft:leave_game":9,"minecraft:time_since_death":37994,"minecraft:total_world_time":117469,"minecraft:fall_one_cm":1428}},"DataVersion":3465}