{"stats":{"minecraft:custom":{"minecraft:time_since_rest":37406,"minecraft:crouch_one_cm":2343,"minecraft:play_time":37406,"minecraft:sprint_one_cm":10925,"minecraft:walk_one_cm":13435,"minecraft:sneak_time":721,"minecraft:mob_kills":4,"minecraft:jump":126,"minecraft:damage_dealt":621,"minecraft:leave_game":5,"minecraft:time_since_death":37406,"minecraft:total_world_time":37406,"minecraft:fall_one_cm":1428,"minecraft:fly_one_cm":122977},"minecraft:mined":{"minecraft:dead_bush":1,"minecraft:sand":1},"minecraft:picked_up":{"minecraft:arrow":2,"minecraft:sand":1,"minecraft:porkchop":20},"minecraft:used":{"minecraft:netherite_sword":6,"minecraft:sand":1,"minecraft:pig_spawn_egg":11,"minecraft:bat_spawn_egg":29},"minecraft:killed":{"minecraft:husk":1,"minecraft:pig":11}},"DataVersion":3465}