{"stats":{"minecraft:killed":{"minecraft:pig":11},"minecraft:mined":{"minecraft:dead_bush":1,"minecraft:sand":1},"minecraft:custom":{"minecraft:jump":76,"minecraft:time_since_rest":31406,"minecraft:damage_dealt":415,"minecraft:crouch_one_cm":1478,"minecraft:play_time":31406,"minecraft:leave_game":5,"minecraft:sprint_one_cm":9453,"minecraft:time_since_death":31406,"minecraft:walk_one_cm":9292,"minecraft:sneak_time":506,"minecraft:total_world_time":31406,"minecraft:mob_kills":3,"minecraft:fall_one_cm":1428,"minecraft:fly_one_cm":104800},"minecraft:used":{"minecraft:pig_spawn_egg":11,"minecraft:netherite_sword":6,"minecraft:sand":1,"minecraft:bat_spawn_egg":29},"minecraft:picked_up":{"minecraft:porkchop":20,"minecraft:sand":1,"minecraft:arrow":2}},"DataVersion":3465}