{"stats":{"minecraft:used":{"minecraft:sand":1},"minecraft:picked_up":{"minecraft:sand":1},"minecraft:mined":{"minecraft:dead_bush":1,"minecraft:sand":1},"minecraft:custom":{"minecraft:jump":39,"minecraft:time_since_rest":16647,"minecraft:crouch_one_cm":454,"minecraft:play_time":16647,"minecraft:leave_game":2,"minecraft:sprint_one_cm":5043,"minecraft:time_since_death":16647,"minecraft:walk_one_cm":1828,"minecraft:sneak_time":193,"minecraft:total_world_time":16647,"minecraft:fall_one_cm":1428,"minecraft:fly_one_cm":58914}},"DataVersion":3465}