{"stats":{"minecraft:killed":{"minecraft:husk":1,"minecraft:pig":11},"minecraft:picked_up":{"minecraft:arrow":2,"minecraft:sand":1,"minecraft:porkchop":20},"minecraft:custom":{"minecraft:time_since_rest":52739,"minecraft:crouch_one_cm":2617,"minecraft:play_time":52739,"minecraft:sprint_one_cm":18176,"minecraft:walk_one_cm":35279,"minecraft:sneak_time":830,"minecraft:mob_kills":4,"minecraft:jump":143,"minecraft:damage_dealt":621,"minecraft:leave_game":6,"minecraft:time_since_death":52739,"minecraft:total_world_time":52739,"minecraft:fall_one_cm":1428,"minecraft:fly_one_cm":136543},"minecraft:used":{"minecraft:mossy_stone_bricks":95,"minecraft:netherite_sword":6,"minecraft:sand":1,"minecraft:pig_spawn_egg":11,"minecraft:bat_spawn_egg":29},"minecraft:mined":{"minecraft:dead_bush":1,"minecraft:sand":1}},"DataVersion":3465}