{"stats":{"minecraft:killed":{"minecraft:husk":1,"minecraft:pig":11},"minecraft:picked_up":{"minecraft:arrow":8,"minecraft:pig_spawn_egg":3,"minecraft:netherite_sword":3,"minecraft:sand":1,"minecraft:porkchop":80,"minecraft:mossy_stone_bricks":3,"minecraft:bat_spawn_egg":3},"minecraft:custom":{"minecraft:time_since_rest":412,"minecraft:crouch_one_cm":3588,"minecraft:deaths":3,"minecraft:play_time":66224,"minecraft:sprint_one_cm":18603,"minecraft:walk_one_cm":48747,"minecraft:sneak_time":1216,"minecraft:mob_kills":4,"minecraft:jump":179,"minecraft:damage_dealt":621,"minecraft:leave_game":7,"minecraft:time_since_death":388,"minecraft:total_world_time":66224,"minecraft:fall_one_cm":1428,"minecraft:fly_one_cm":150304},"minecraft:used":{"minecraft:mossy_stone_bricks":147,"minecraft:netherite_sword":6,"minecraft:sand":1,"minecraft:pig_spawn_egg":11,"minecraft:bat_spawn_egg":29},"minecraft:mined":{"minecraft:dead_bush":1,"minecraft:sand":1}},"DataVersion":3465}