{"stats":{"minecraft:picked_up":{"minecraft:birch_log":39,"minecraft:oak_log":54,"minecraft:bat_spawn_egg":3,"minecraft:light":63,"minecraft:gunpowder":3,"minecraft:string":2,"minecraft:dirt":3,"minecraft:orange_terracotta":5,"minecraft:apple":1,"minecraft:netherite_sword":4,"minecraft:mossy_stone_bricks":3,"minecraft:birch_sapling":8,"minecraft:stick":42,"minecraft:raw_iron":14,"minecraft:stone":1,"minecraft:pig_spawn_egg":3,"minecraft:green_bed":2,"minecraft:porkchop":82,"minecraft:sand":1,"minecraft:grass_block":1,"minecraft:carrot":1,"minecraft:cyan_bed":1,"minecraft:spider_eye":1,"minecraft:zombie_spawn_egg":1,"minecraft:arrow":8,"minecraft:cactus":1,"minecraft:rotten_flesh":40,"minecraft:hay_block":2,"minecraft:bone_meal":1,"minecraft:terracotta":18,"minecraft:oak_sapling":27,"minecraft:glow_berries":1,"minecraft:coal":2,"minecraft:cobblestone":10},"minecraft:used":{"minecraft:mossy_stone_bricks":147,"minecraft:netherite_sword":54,"minecraft:stone_sword":10,"minecraft:dirt_path":1,"minecraft:stone_pickaxe":54,"minecraft:oak_sign":1,"minecraft:zombie_spawn_egg":9,"minecraft:stone":6,"minecraft:mossy_stone_brick_stairs":12,"minecraft:green_bed":1,"minecraft:mossy_stone_brick_slab":1,"minecraft:cooked_chicken":1,"minecraft:sand":1,"minecraft:bat_spawn_egg":29,"minecraft:light":192,"minecraft:grass_block":192,"minecraft:bread":9,"minecraft:pig_spawn_egg":11,"minecraft:stone_axe":34,"minecraft:trapped_chest":3,"minecraft:cooked_beef":2,"minecraft:bone_meal":64},"minecraft:dropped":{"minecraft:zombie_spawn_egg":2,"minecraft:light":3},"minecraft:killed":{"minecraft:husk":1,"minecraft:pig":12,"minecraft:spider":1,"minecraft:creeper":2,"minecraft:zombie":36},"minecraft:mined":{"minecraft:orange_terracotta":6,"minecraft:potted_cactus":1,"minecraft:cave_vines_plant":1,"minecraft:grass_block":3,"minecraft:dead_bush":8,"minecraft:cyan_bed":1,"minecraft:hay_block":2,"minecraft:birch_log":6,"minecraft:iron_ore":14,"minecraft:grass":1,"minecraft:cave_vines":1,"minecraft:coal_ore":3,"minecraft:oak_log":11,"minecraft:sand":1,"minecraft:dirt":1,"minecraft:terracotta":19,"minecraft:stone":11,"minecraft:oak_leaves":2,"minecraft:green_bed":2},"minecraft:custom":{"minecraft:mob_kills":23,"minecraft:leave_game":9,"minecraft:time_since_death":15941,"minecraft:sleep_in_bed":1,"minecraft:time_since_rest":15972,"minecraft:sprint_one_cm":135587,"minecraft:damage_taken":1066,"minecraft:walk_one_cm":169997,"minecraft:trigger_trapped_chest":4,"minecraft:drop":5,"minecraft:damage_dealt":4243,"minecraft:fly_one_cm":596163,"minecraft:crouch_one_cm":20529,"minecraft:play_time":147469,"minecraft:deaths":6,"minecraft:sneak_time":7270,"minecraft:walk_under_water_one_cm":458,"minecraft:jump":1326,"minecraft:walk_on_water_one_cm":916,"minecraft:total_world_time":147469,"minecraft:fall_one_cm":38622}},"DataVersion":3465}