{"stats":{"minecraft:picked_up":{"minecraft:stick":2,"minecraft:stone":1,"minecraft:pig_spawn_egg":3,"minecraft:green_bed":2,"minecraft:sand":1,"minecraft:porkchop":80,"minecraft:carrot":1,"minecraft:grass_block":1,"minecraft:light":63,"minecraft:bat_spawn_egg":3,"minecraft:gunpowder":3,"minecraft:cyan_bed":1,"minecraft:spider_eye":1,"minecraft:string":2,"minecraft:zombie_spawn_egg":1,"minecraft:cactus":1,"minecraft:arrow":8,"minecraft:rotten_flesh":40,"minecraft:netherite_sword":4,"minecraft:hay_block":2,"minecraft:bone_meal":1,"minecraft:mossy_stone_bricks":3},"minecraft:used":{"minecraft:mossy_stone_bricks":147,"minecraft:netherite_sword":54,"minecraft:light":192,"minecraft:stone_sword":6,"minecraft:dirt_path":1,"minecraft:grass_block":192,"minecraft:stone_pickaxe":1,"minecraft:pig_spawn_egg":11,"minecraft:oak_sign":1,"minecraft:mossy_stone_brick_stairs":12,"minecraft:stone":6,"minecraft:zombie_spawn_egg":9,"minecraft:green_bed":1,"minecraft:mossy_stone_brick_slab":1,"minecraft:stone_axe":7,"minecraft:sand":1,"minecraft:trapped_chest":3,"minecraft:cooked_beef":1,"minecraft:bone_meal":64,"minecraft:bat_spawn_egg":29},"minecraft:dropped":{"minecraft:zombie_spawn_egg":2,"minecraft:light":3},"minecraft:killed":{"minecraft:husk":1,"minecraft:zombie":36,"minecraft:pig":11,"minecraft:spider":1,"minecraft:creeper":2},"minecraft:mined":{"minecraft:hay_block":2,"minecraft:potted_cactus":1,"minecraft:dead_bush":2,"minecraft:sand":1,"minecraft:cyan_bed":1,"minecraft:green_bed":2},"minecraft:custom":{"minecraft:time_since_rest":1824,"minecraft:damage_taken":131,"minecraft:sprint_one_cm":66653,"minecraft:walk_one_cm":138402,"minecraft:trigger_trapped_chest":4,"minecraft:mob_kills":22,"minecraft:drop":5,"minecraft:damage_dealt":4056,"minecraft:fly_one_cm":447046,"minecraft:crouch_one_cm":8586,"minecraft:play_time":123469,"minecraft:deaths":4,"minecraft:sneak_time":2853,"minecraft:jump":652,"minecraft:leave_game":9,"minecraft:walk_on_water_one_cm":117,"minecraft:time_since_death":43994,"minecraft:sleep_in_bed":1,"minecraft:total_world_time":123469,"minecraft:fall_one_cm":6709}},"DataVersion":3465}