{"stats":{"minecraft:custom":{"minecraft:time_since_rest":4778,"minecraft:crouch_one_cm":4514,"minecraft:play_time":84224,"minecraft:sprint_one_cm":32604,"minecraft:deaths":4,"minecraft:walk_one_cm":89455,"minecraft:sneak_time":1687,"minecraft:trigger_trapped_chest":2,"minecraft:mob_kills":5,"minecraft:drop":3,"minecraft:jump":261,"minecraft:damage_dealt":821,"minecraft:leave_game":7,"minecraft:time_since_death":4749,"minecraft:total_world_time":84224,"minecraft:fall_one_cm":1428,"minecraft:fly_one_cm":249089},"minecraft:mined":{"minecraft:dead_bush":1,"minecraft:sand":1},"minecraft:killed":{"minecraft:husk":1,"minecraft:pig":11,"minecraft:creeper":1},"minecraft:picked_up":{"minecraft:stone":1,"minecraft:arrow":8,"minecraft:pig_spawn_egg":3,"minecraft:netherite_sword":4,"minecraft:porkchop":80,"minecraft:sand":1,"minecraft:bone_meal":1,"minecraft:grass_block":1,"minecraft:light":63,"minecraft:mossy_stone_bricks":3,"minecraft:gunpowder":1,"minecraft:bat_spawn_egg":3},"minecraft:used":{"minecraft:light":116,"minecraft:mossy_stone_bricks":147,"minecraft:netherite_sword":9,"minecraft:dirt_path":1,"minecraft:sand":1,"minecraft:grass_block":171,"minecraft:pig_spawn_egg":11,"minecraft:mossy_stone_brick_stairs":12,"minecraft:trapped_chest":3,"minecraft:stone":6,"minecraft:bone_meal":64,"minecraft:bat_spawn_egg":29,"minecraft:mossy_stone_brick_slab":1},"minecraft:dropped":{"minecraft:light":3}},"DataVersion":3465}