{"stats":{"minecraft:picked_up":{"minecraft:crafting_table":2,"minecraft:oak_log":24,"minecraft:lapis_lazuli":25,"minecraft:dirt":4,"minecraft:raw_copper":1,"minecraft:bone":3,"minecraft:cobbled_deepslate":4,"minecraft:raw_gold":9,"minecraft:stone_pickaxe":1,"minecraft:cooked_chicken":1,"minecraft:sugar_cane":4,"minecraft:moss_block":6,"minecraft:furnace":1,"minecraft:raw_iron":85,"minecraft:brown_terracotta":2,"minecraft:torch":4,"minecraft:diorite":1,"minecraft:dark_oak_planks":1,"minecraft:light_gray_terracotta":2,"minecraft:arrow":5,"minecraft:cactus":3,"minecraft:rotten_flesh":2,"minecraft:yellow_terracotta":2,"minecraft:rooted_dirt":5,"minecraft:white_terracotta":1,"minecraft:terracotta":1,"minecraft:glow_berries":2,"minecraft:dark_oak_fence":2,"minecraft:coal":18,"minecraft:cobblestone":147},"minecraft:used":{"minecraft:water_bucket":1,"minecraft:diorite":1,"minecraft:stone_sword":27,"minecraft:stone_pickaxe":254,"minecraft:cactus":3,"minecraft:iron_sword":3,"minecraft:cooked_chicken":3,"minecraft:torch":12,"minecraft:terracotta":1,"minecraft:crafting_table":3,"minecraft:iron_axe":1,"minecraft:bread":7,"minecraft:iron_pickaxe":34,"minecraft:stone_axe":32,"minecraft:cobblestone":79,"minecraft:furnace":2,"minecraft:bucket":2,"minecraft:cooked_beef":5},"minecraft:dropped":{"minecraft:stone_axe":1,"minecraft:moss_block":6,"minecraft:sugar_cane":4,"minecraft:cooked_chicken":1,"minecraft:stone_sword":1,"minecraft:cobbled_deepslate":4,"minecraft:raw_copper":1,"minecraft:light_gray_terracotta":2,"minecraft:glow_berries":2,"minecraft:rotten_flesh":2,"minecraft:yellow_terracotta":2,"minecraft:raw_iron":9,"minecraft:cobblestone":38,"minecraft:rooted_dirt":5,"minecraft:white_terracotta":1,"minecraft:leather_helmet":1,"minecraft:stick":3,"minecraft:dirt":4,"minecraft:dark_oak_fence":2,"minecraft:leather_boots":1,"minecraft:leather_leggings":1,"minecraft:brown_terracotta":2,"minecraft:arrow":5,"minecraft:stone_pickaxe":2,"minecraft:dark_oak_planks":1,"minecraft:bone":3},"minecraft:broken":{"minecraft:stone_pickaxe":1},"minecraft:crafted":{"minecraft:oak_slab":12,"minecraft:oak_planks":80,"minecraft:crafting_table":2,"minecraft:iron_helmet":1,"minecraft:iron_sword":1,"minecraft:furnace":2,"minecraft:bucket":1,"minecraft:air":0,"minecraft:iron_boots":1,"minecraft:charcoal":4,"minecraft:iron_axe":1,"minecraft:stick":12,"minecraft:iron_ingot":41,"minecraft:iron_pickaxe":1,"minecraft:stone_pickaxe":1,"minecraft:iron_leggings":1,"minecraft:torch":8},"minecraft:killed":{"minecraft:skeleton":2,"minecraft:zombie":6},"minecraft:mined":{"minecraft:dark_oak_planks":1,"minecraft:yellow_terracotta":2,"minecraft:light_gray_terracotta":2,"minecraft:crafting_table":2,"minecraft:torch":2,"minecraft:cave_vines_plant":2,"minecraft:dark_oak_fence":2,"minecraft:cobblestone":12,"minecraft:tall_grass":1,"minecraft:deepslate_gold_ore":7,"minecraft:lapis_ore":4,"minecraft:sugar_cane":1,"minecraft:moss_block":6,"minecraft:diorite":1,"minecraft:rooted_dirt":4,"minecraft:wall_torch":4,"minecraft:white_terracotta":1,"minecraft:cactus":1,"minecraft:furnace":1,"minecraft:iron_ore":72,"minecraft:grass":2,"minecraft:flowering_azalea_leaves":1,"minecraft:coal_ore":18,"minecraft:oak_log":24,"minecraft:cave_vines":2,"minecraft:deepslate_iron_ore":15,"minecraft:dirt":3,"minecraft:brown_terracotta":2,"minecraft:terracotta":1,"minecraft:stone":134,"minecraft:gold_ore":2,"minecraft:deepslate":6},"minecraft:custom":{"minecraft:interact_with_furnace":22,"minecraft:mob_kills":8,"minecraft:interact_with_crafting_table":17,"minecraft:leave_game":3,"minecraft:time_since_death":36899,"minecraft:climb_one_cm":156,"minecraft:time_since_rest":36899,"minecraft:sprint_one_cm":69527,"minecraft:damage_taken":842,"minecraft:walk_one_cm":41229,"minecraft:drop":29,"minecraft:damage_dealt":1469,"minecraft:swim_one_cm":4673,"minecraft:fly_one_cm":128864,"minecraft:crouch_one_cm":5557,"minecraft:play_time":36899,"minecraft:sneak_time":2640,"minecraft:walk_under_water_one_cm":178,"minecraft:jump":734,"minecraft:walk_on_water_one_cm":3446,"minecraft:total_world_time":36899,"minecraft:fall_one_cm":25857}},"DataVersion":3465}