{"stats":{"minecraft:picked_up":{"minecraft:crafting_table":1,"minecraft:raw_iron":8,"minecraft:brown_terracotta":2,"minecraft:torch":1,"minecraft:oak_log":24,"minecraft:dirt":3,"minecraft:dark_oak_planks":1,"minecraft:light_gray_terracotta":2,"minecraft:cactus":3,"minecraft:yellow_terracotta":2,"minecraft:white_terracotta":1,"minecraft:rooted_dirt":5,"minecraft:terracotta":1,"minecraft:glow_berries":2,"minecraft:moss_block":3,"minecraft:sugar_cane":4,"minecraft:dark_oak_fence":2,"minecraft:coal":17,"minecraft:cobblestone":99},"minecraft:used":{"minecraft:stone_sword":1,"minecraft:stone_pickaxe":140,"minecraft:cactus":3,"minecraft:cooked_chicken":1,"minecraft:stone_axe":30,"minecraft:torch":1,"minecraft:cobblestone":6,"minecraft:terracotta":1,"minecraft:crafting_table":2,"minecraft:cooked_beef":2},"minecraft:broken":{"minecraft:stone_pickaxe":1},"minecraft:crafted":{"minecraft:oak_planks":80,"minecraft:crafting_table":1,"minecraft:stick":4,"minecraft:stone_pickaxe":1,"minecraft:torch":8},"minecraft:mined":{"minecraft:yellow_terracotta":2,"minecraft:dark_oak_planks":1,"minecraft:white_terracotta":1,"minecraft:cactus":1,"minecraft:iron_ore":8,"minecraft:crafting_table":1,"minecraft:cave_vines_plant":2,"minecraft:torch":1,"minecraft:light_gray_terracotta":2,"minecraft:dark_oak_fence":2,"minecraft:grass":2,"minecraft:oak_log":24,"minecraft:coal_ore":17,"minecraft:cave_vines":2,"minecraft:flowering_azalea_leaves":1,"minecraft:dirt":3,"minecraft:tall_grass":1,"minecraft:brown_terracotta":2,"minecraft:moss_block":3,"minecraft:terracotta":1,"minecraft:stone":100,"minecraft:sugar_cane":1,"minecraft:rooted_dirt":4},"minecraft:custom":{"minecraft:time_since_rest":12883,"minecraft:sprint_one_cm":24899,"minecraft:damage_taken":190,"minecraft:walk_one_cm":9842,"minecraft:damage_dealt":18,"minecraft:swim_one_cm":4673,"minecraft:interact_with_crafting_table":1,"minecraft:fly_one_cm":64480,"minecraft:crouch_one_cm":1047,"minecraft:play_time":12883,"minecraft:sneak_time":520,"minecraft:walk_under_water_one_cm":178,"minecraft:jump":266,"minecraft:leave_game":2,"minecraft:time_since_death":12883,"minecraft:walk_on_water_one_cm":699,"minecraft:total_world_time":12883,"minecraft:fall_one_cm":7898}},"DataVersion":3465}