{"stats":{"minecraft:picked_up":{"minecraft:crafting_table":1,"minecraft:oak_log":24,"minecraft:lapis_lazuli":25,"minecraft:raw_copper":1,"minecraft:dirt":3,"minecraft:moss_block":3,"minecraft:sugar_cane":4,"minecraft:raw_iron":65,"minecraft:brown_terracotta":2,"minecraft:torch":2,"minecraft:diorite":1,"minecraft:dark_oak_planks":1,"minecraft:light_gray_terracotta":2,"minecraft:cactus":3,"minecraft:yellow_terracotta":2,"minecraft:terracotta":1,"minecraft:white_terracotta":1,"minecraft:rooted_dirt":5,"minecraft:glow_berries":2,"minecraft:dark_oak_fence":2,"minecraft:coal":18,"minecraft:cobblestone":134},"minecraft:used":{"minecraft:diorite":1,"minecraft:stone_sword":7,"minecraft:stone_pickaxe":240,"minecraft:cactus":3,"minecraft:cooked_chicken":1,"minecraft:torch":5,"minecraft:terracotta":1,"minecraft:crafting_table":2,"minecraft:bread":2,"minecraft:stone_axe":32,"minecraft:cobblestone":29,"minecraft:furnace":1,"minecraft:cooked_beef":3},"minecraft:dropped":{"minecraft:moss_block":3,"minecraft:light_gray_terracotta":2,"minecraft:raw_iron":9,"minecraft:yellow_terracotta":2,"minecraft:cobblestone":38,"minecraft:rooted_dirt":5,"minecraft:white_terracotta":1,"minecraft:leather_helmet":1,"minecraft:dirt":3,"minecraft:dark_oak_fence":2,"minecraft:leather_boots":1,"minecraft:leather_leggings":1,"minecraft:brown_terracotta":2,"minecraft:dark_oak_planks":1},"minecraft:broken":{"minecraft:stone_pickaxe":1},"minecraft:crafted":{"minecraft:oak_planks":80,"minecraft:crafting_table":1,"minecraft:iron_helmet":1,"minecraft:furnace":1,"minecraft:air":0,"minecraft:iron_boots":1,"minecraft:stick":4,"minecraft:iron_ingot":18,"minecraft:stone_pickaxe":1,"minecraft:iron_leggings":1,"minecraft:torch":8},"minecraft:killed":{"minecraft:zombie":1},"minecraft:mined":{"minecraft:dark_oak_planks":1,"minecraft:yellow_terracotta":2,"minecraft:light_gray_terracotta":2,"minecraft:crafting_table":1,"minecraft:torch":2,"minecraft:cave_vines_plant":2,"minecraft:dark_oak_fence":2,"minecraft:tall_grass":1,"minecraft:lapis_ore":4,"minecraft:sugar_cane":1,"minecraft:moss_block":3,"minecraft:diorite":1,"minecraft:rooted_dirt":4,"minecraft:wall_torch":2,"minecraft:white_terracotta":1,"minecraft:cactus":1,"minecraft:iron_ore":67,"minecraft:grass":2,"minecraft:coal_ore":18,"minecraft:oak_log":24,"minecraft:cave_vines":2,"minecraft:flowering_azalea_leaves":1,"minecraft:dirt":3,"minecraft:brown_terracotta":2,"minecraft:terracotta":1,"minecraft:stone":134},"minecraft:custom":{"minecraft:interact_with_furnace":8,"minecraft:mob_kills":1,"minecraft:interact_with_crafting_table":11,"minecraft:leave_game":2,"minecraft:time_since_death":24883,"minecraft:climb_one_cm":156,"minecraft:time_since_rest":24883,"minecraft:sprint_one_cm":42427,"minecraft:damage_taken":316,"minecraft:walk_one_cm":25901,"minecraft:drop":14,"minecraft:damage_dealt":336,"minecraft:swim_one_cm":4673,"minecraft:fly_one_cm":81512,"minecraft:crouch_one_cm":3951,"minecraft:play_time":24883,"minecraft:sneak_time":1669,"minecraft:walk_under_water_one_cm":178,"minecraft:jump":456,"minecraft:walk_on_water_one_cm":699,"minecraft:total_world_time":24883,"minecraft:fall_one_cm":14941}},"DataVersion":3465}