{"stats":{"minecraft:picked_up":{"minecraft:crafting_table":3,"minecraft:tuff":11,"minecraft:oak_log":24,"minecraft:lapis_lazuli":25,"minecraft:dirt":4,"minecraft:raw_copper":1,"minecraft:bone":4,"minecraft:wheat_seeds":1,"minecraft:cobbled_deepslate":29,"minecraft:raw_gold":15,"minecraft:stone_pickaxe":1,"minecraft:cooked_chicken":1,"minecraft:oak_boat":1,"minecraft:sugar_cane":4,"minecraft:moss_block":7,"minecraft:furnace":1,"minecraft:raw_iron":85,"minecraft:brown_terracotta":2,"minecraft:torch":4,"minecraft:diorite":1,"minecraft:dark_oak_planks":1,"minecraft:light_gray_terracotta":2,"minecraft:arrow":6,"minecraft:cactus":3,"minecraft:rotten_flesh":2,"minecraft:diamond":4,"minecraft:yellow_terracotta":2,"minecraft:rooted_dirt":5,"minecraft:white_terracotta":1,"minecraft:terracotta":1,"minecraft:glow_berries":2,"minecraft:dark_oak_fence":2,"minecraft:coal":18,"minecraft:cobblestone":147},"minecraft:used":{"minecraft:water_bucket":2,"minecraft:diorite":1,"minecraft:stone_sword":27,"minecraft:stone_pickaxe":254,"minecraft:cactus":3,"minecraft:iron_sword":10,"minecraft:cooked_chicken":5,"minecraft:torch":12,"minecraft:terracotta":1,"minecraft:crafting_table":4,"minecraft:tuff":3,"minecraft:iron_axe":2,"minecraft:bread":10,"minecraft:iron_pickaxe":86,"minecraft:stone_axe":32,"minecraft:cobblestone":79,"minecraft:furnace":2,"minecraft:bucket":3,"minecraft:oak_boat":1,"minecraft:cooked_beef":5,"minecraft:cobbled_deepslate":14},"minecraft:dropped":{"minecraft:stone_axe":1,"minecraft:moss_block":6,"minecraft:sugar_cane":4,"minecraft:cooked_chicken":1,"minecraft:stone_sword":1,"minecraft:cobbled_deepslate":4,"minecraft:raw_copper":1,"minecraft:light_gray_terracotta":2,"minecraft:glow_berries":2,"minecraft:rotten_flesh":2,"minecraft:yellow_terracotta":2,"minecraft:raw_iron":9,"minecraft:cobblestone":38,"minecraft:rooted_dirt":5,"minecraft:white_terracotta":1,"minecraft:leather_helmet":1,"minecraft:stick":3,"minecraft:dirt":4,"minecraft:dark_oak_fence":2,"minecraft:leather_boots":1,"minecraft:leather_leggings":1,"minecraft:brown_terracotta":2,"minecraft:arrow":5,"minecraft:stone_pickaxe":2,"minecraft:dark_oak_planks":1,"minecraft:bone":3},"minecraft:broken":{"minecraft:stone_pickaxe":1},"minecraft:crafted":{"minecraft:oak_slab":12,"minecraft:oak_planks":80,"minecraft:crafting_table":2,"minecraft:iron_helmet":1,"minecraft:iron_sword":1,"minecraft:furnace":2,"minecraft:bucket":1,"minecraft:air":0,"minecraft:oak_boat":1,"minecraft:iron_boots":1,"minecraft:charcoal":4,"minecraft:iron_axe":1,"minecraft:stick":12,"minecraft:iron_ingot":41,"minecraft:iron_pickaxe":1,"minecraft:stone_pickaxe":1,"minecraft:iron_leggings":1,"minecraft:torch":8},"minecraft:killed":{"minecraft:skeleton":3,"minecraft:zombie":7},"minecraft:mined":{"minecraft:dark_oak_planks":1,"minecraft:yellow_terracotta":2,"minecraft:tuff":11,"minecraft:deepslate_diamond_ore":4,"minecraft:light_gray_terracotta":2,"minecraft:crafting_table":3,"minecraft:torch":2,"minecraft:cave_vines_plant":2,"minecraft:dark_oak_fence":2,"minecraft:cobblestone":12,"minecraft:tall_grass":1,"minecraft:deepslate_gold_ore":12,"minecraft:lapis_ore":4,"minecraft:sugar_cane":1,"minecraft:moss_block":7,"minecraft:diorite":1,"minecraft:rooted_dirt":4,"minecraft:wall_torch":4,"minecraft:white_terracotta":1,"minecraft:cactus":1,"minecraft:furnace":1,"minecraft:iron_ore":72,"minecraft:grass":5,"minecraft:flowering_azalea_leaves":1,"minecraft:coal_ore":18,"minecraft:oak_log":24,"minecraft:cave_vines":2,"minecraft:deepslate_iron_ore":15,"minecraft:dirt":3,"minecraft:brown_terracotta":2,"minecraft:terracotta":1,"minecraft:stone":134,"minecraft:gold_ore":3,"minecraft:deepslate":33},"minecraft:custom":{"minecraft:interact_with_furnace":22,"minecraft:mob_kills":10,"minecraft:interact_with_crafting_table":18,"minecraft:leave_game":3,"minecraft:time_since_death":48899,"minecraft:climb_one_cm":156,"minecraft:time_since_rest":48899,"minecraft:sprint_one_cm":92122,"minecraft:damage_taken":1146,"minecraft:walk_one_cm":50569,"minecraft:drop":29,"minecraft:damage_dealt":1869,"minecraft:swim_one_cm":5559,"minecraft:fly_one_cm":187782,"minecraft:crouch_one_cm":6939,"minecraft:play_time":48899,"minecraft:sneak_time":3253,"minecraft:walk_under_water_one_cm":939,"minecraft:boat_one_cm":55614,"minecraft:jump":1064,"minecraft:walk_on_water_one_cm":5613,"minecraft:total_world_time":48899,"minecraft:fall_one_cm":38537}},"DataVersion":3465}