{"stats":{"minecraft:picked_up":{"minecraft:crafting_table":5,"minecraft:chicken":1,"minecraft:diamond_sword":1,"minecraft:moss_carpet":3,"minecraft:raw_copper":1,"minecraft:cobbled_deepslate":29,"minecraft:oak_boat":1,"minecraft:melon_slice":7,"minecraft:sugar_cane":4,"minecraft:furnace":2,"minecraft:raw_iron":98,"minecraft:brown_terracotta":2,"minecraft:torch":4,"minecraft:porkchop":1,"minecraft:diorite":1,"minecraft:dark_oak_planks":1,"minecraft:rotten_flesh":4,"minecraft:cactus":3,"minecraft:arrow":9,"minecraft:hay_block":21,"minecraft:yellow_terracotta":2,"minecraft:white_terracotta":1,"minecraft:glow_berries":2,"minecraft:mutton":10,"minecraft:cobblestone":196,"minecraft:white_wool":4,"minecraft:feather":1,"minecraft:jungle_log":55,"minecraft:golden_leggings":1,"minecraft:tuff":11,"minecraft:oak_log":24,"minecraft:golden_boots":1,"minecraft:lapis_lazuli":25,"minecraft:dirt":4,"minecraft:cooked_mutton":1,"minecraft:bone":7,"minecraft:wheat_seeds":1,"minecraft:raw_gold":28,"minecraft:stone_pickaxe":1,"minecraft:cooked_chicken":1,"minecraft:moss_block":7,"minecraft:jungle_planks":1,"minecraft:light_gray_terracotta":2,"minecraft:diamond":4,"minecraft:terracotta":1,"minecraft:rooted_dirt":5,"minecraft:dark_oak_fence":2,"minecraft:coal":39},"minecraft:used":{"minecraft:stone_sword":27,"minecraft:chest":2,"minecraft:shield":3,"minecraft:iron_sword":15,"minecraft:cooked_chicken":5,"minecraft:torch":12,"minecraft:mutton":1,"minecraft:jungle_planks":70,"minecraft:tuff":3,"minecraft:iron_axe":11,"minecraft:furnace":5,"minecraft:cooked_beef":5,"minecraft:cobbled_deepslate":16,"minecraft:cooked_mutton":2,"minecraft:water_bucket":3,"minecraft:diorite":1,"minecraft:stone_pickaxe":254,"minecraft:cactus":3,"minecraft:terracotta":1,"minecraft:crafting_table":6,"minecraft:bread":22,"minecraft:melon_slice":7,"minecraft:iron_pickaxe":174,"minecraft:stone_axe":32,"minecraft:diamond_sword":18,"minecraft:cobblestone":81,"minecraft:bucket":4,"minecraft:oak_boat":1},"minecraft:broken":{"minecraft:stone_pickaxe":1},"minecraft:dropped":{"minecraft:iron_ingot":9,"minecraft:iron_sword":1,"minecraft:moss_block":6,"minecraft:diamond":2,"minecraft:yellow_terracotta":2,"minecraft:feather":1,"minecraft:cobblestone":38,"minecraft:glow_berries":2,"minecraft:rooted_dirt":5,"minecraft:leather_helmet":1,"minecraft:stick":3,"minecraft:dirt":4,"minecraft:dark_oak_fence":2,"minecraft:brown_terracotta":2,"minecraft:dark_oak_planks":1,"minecraft:gold_ingot":4,"minecraft:bone":3,"minecraft:stone_axe":1,"minecraft:sugar_cane":4,"minecraft:cooked_chicken":1,"minecraft:stone_sword":1,"minecraft:cobbled_deepslate":4,"minecraft:raw_copper":1,"minecraft:light_gray_terracotta":2,"minecraft:raw_iron":9,"minecraft:rotten_flesh":2,"minecraft:white_terracotta":1,"minecraft:diamond_sword":1,"minecraft:leather_boots":1,"minecraft:leather_leggings":1,"minecraft:arrow":5,"minecraft:stone_pickaxe":2},"minecraft:crafted":{"minecraft:oak_planks":80,"minecraft:furnace":3,"minecraft:cooked_mutton":1,"minecraft:iron_boots":1,"minecraft:iron_axe":2,"minecraft:stone_pickaxe":1,"minecraft:chest":2,"minecraft:wheat":189,"minecraft:oak_slab":12,"minecraft:diamond_sword":1,"minecraft:crafting_table":2,"minecraft:iron_helmet":1,"minecraft:iron_sword":1,"minecraft:bucket":1,"minecraft:bread":63,"minecraft:air":0,"minecraft:jungle_planks":220,"minecraft:oak_boat":1,"minecraft:charcoal":4,"minecraft:shield":1,"minecraft:stick":20,"minecraft:iron_ingot":67,"minecraft:iron_pickaxe":2,"minecraft:gold_ingot":20,"minecraft:iron_leggings":1,"minecraft:torch":8},"minecraft:killed":{"minecraft:skeleton":6,"minecraft:chicken":1,"minecraft:pig":1,"minecraft:sheep":4,"minecraft:zombie":8},"minecraft:mined":{"minecraft:dark_oak_planks":1,"minecraft:yellow_terracotta":2,"minecraft:tuff":11,"minecraft:deepslate_diamond_ore":4,"minecraft:dark_oak_fence":2,"minecraft:cave_vines_plant":2,"minecraft:jungle_planks":2,"minecraft:jungle_log":1,"minecraft:moss_block":7,"minecraft:rooted_dirt":4,"minecraft:furnace":2,"minecraft:iron_ore":83,"minecraft:cave_vines":2,"minecraft:deepslate_iron_ore":15,"minecraft:flowering_azalea_leaves":1,"minecraft:vine":2,"minecraft:stone":183,"minecraft:crafting_table":5,"minecraft:torch":2,"minecraft:light_gray_terracotta":2,"minecraft:melon":1,"minecraft:tall_grass":2,"minecraft:cobblestone":12,"minecraft:lapis_ore":4,"minecraft:deepslate_gold_ore":12,"minecraft:sugar_cane":1,"minecraft:diorite":1,"minecraft:wall_torch":4,"minecraft:white_terracotta":1,"minecraft:cactus":1,"minecraft:grass":9,"minecraft:oak_log":24,"minecraft:coal_ore":37,"minecraft:dirt":3,"minecraft:brown_terracotta":2,"minecraft:terracotta":1,"minecraft:gold_ore":11,"minecraft:deepslate":33},"minecraft:custom":{"minecraft:mob_kills":20,"minecraft:interact_with_crafting_table":24,"minecraft:leave_game":3,"minecraft:time_since_death":72899,"minecraft:climb_one_cm":1358,"minecraft:sprint_one_cm":139353,"minecraft:walk_one_cm":80244,"minecraft:damage_blocked_by_shield":135,"minecraft:drop":39,"minecraft:play_time":72899,"minecraft:sneak_time":4852,"minecraft:walk_under_water_one_cm":2843,"minecraft:boat_one_cm":55614,"minecraft:jump":1814,"minecraft:interact_with_blast_furnace":2,"minecraft:walk_on_water_one_cm":11147,"minecraft:total_world_time":72899,"minecraft:interact_with_furnace":36,"minecraft:time_since_rest":72899,"minecraft:damage_taken":1780,"minecraft:damage_dealt":3450,"minecraft:swim_one_cm":7870,"minecraft:fly_one_cm":322623,"minecraft:open_chest":9,"minecraft:crouch_one_cm":12364,"minecraft:fall_one_cm":60998}},"DataVersion":3465}