{"stats":{"minecraft:picked_up":{"minecraft:crafting_table":5,"minecraft:chicken":1,"minecraft:feather":1,"minecraft:jungle_log":55,"minecraft:tuff":11,"minecraft:oak_log":24,"minecraft:moss_carpet":3,"minecraft:lapis_lazuli":25,"minecraft:dirt":4,"minecraft:raw_copper":1,"minecraft:cooked_mutton":1,"minecraft:bone":5,"minecraft:wheat_seeds":1,"minecraft:cobbled_deepslate":29,"minecraft:raw_gold":25,"minecraft:stone_pickaxe":1,"minecraft:cooked_chicken":1,"minecraft:oak_boat":1,"minecraft:melon_slice":7,"minecraft:sugar_cane":4,"minecraft:moss_block":7,"minecraft:furnace":2,"minecraft:raw_iron":92,"minecraft:brown_terracotta":2,"minecraft:torch":4,"minecraft:jungle_planks":1,"minecraft:porkchop":1,"minecraft:diorite":1,"minecraft:dark_oak_planks":1,"minecraft:light_gray_terracotta":2,"minecraft:arrow":7,"minecraft:cactus":3,"minecraft:rotten_flesh":2,"minecraft:diamond":4,"minecraft:hay_block":21,"minecraft:yellow_terracotta":2,"minecraft:rooted_dirt":5,"minecraft:white_terracotta":1,"minecraft:terracotta":1,"minecraft:mutton":10,"minecraft:glow_berries":2,"minecraft:dark_oak_fence":2,"minecraft:coal":39,"minecraft:white_wool":4,"minecraft:cobblestone":155},"minecraft:used":{"minecraft:cooked_mutton":2,"minecraft:water_bucket":3,"minecraft:diorite":1,"minecraft:stone_sword":27,"minecraft:stone_pickaxe":254,"minecraft:cactus":3,"minecraft:iron_sword":15,"minecraft:cooked_chicken":5,"minecraft:torch":12,"minecraft:terracotta":1,"minecraft:crafting_table":6,"minecraft:jungle_planks":44,"minecraft:tuff":3,"minecraft:melon_slice":4,"minecraft:iron_axe":11,"minecraft:bread":16,"minecraft:iron_pickaxe":124,"minecraft:diamond_sword":12,"minecraft:stone_axe":32,"minecraft:cobblestone":79,"minecraft:furnace":3,"minecraft:bucket":4,"minecraft:oak_boat":1,"minecraft:cooked_beef":5,"minecraft:cobbled_deepslate":16},"minecraft:dropped":{"minecraft:iron_sword":1,"minecraft:stone_axe":1,"minecraft:moss_block":6,"minecraft:sugar_cane":4,"minecraft:cooked_chicken":1,"minecraft:stone_sword":1,"minecraft:cobbled_deepslate":4,"minecraft:diamond":2,"minecraft:raw_copper":1,"minecraft:light_gray_terracotta":2,"minecraft:feather":1,"minecraft:glow_berries":2,"minecraft:rotten_flesh":2,"minecraft:yellow_terracotta":2,"minecraft:raw_iron":9,"minecraft:cobblestone":38,"minecraft:rooted_dirt":5,"minecraft:white_terracotta":1,"minecraft:leather_helmet":1,"minecraft:stick":3,"minecraft:dirt":4,"minecraft:dark_oak_fence":2,"minecraft:leather_boots":1,"minecraft:leather_leggings":1,"minecraft:brown_terracotta":2,"minecraft:arrow":5,"minecraft:stone_pickaxe":2,"minecraft:dark_oak_planks":1,"minecraft:bone":3},"minecraft:broken":{"minecraft:stone_pickaxe":1},"minecraft:crafted":{"minecraft:oak_slab":12,"minecraft:oak_planks":80,"minecraft:diamond_sword":1,"minecraft:crafting_table":2,"minecraft:iron_helmet":1,"minecraft:iron_sword":1,"minecraft:furnace":2,"minecraft:bucket":1,"minecraft:bread":63,"minecraft:cooked_mutton":1,"minecraft:air":0,"minecraft:jungle_planks":220,"minecraft:oak_boat":1,"minecraft:iron_boots":1,"minecraft:charcoal":4,"minecraft:iron_axe":1,"minecraft:stick":16,"minecraft:iron_ingot":41,"minecraft:iron_pickaxe":1,"minecraft:stone_pickaxe":1,"minecraft:iron_leggings":1,"minecraft:torch":8,"minecraft:wheat":189},"minecraft:killed":{"minecraft:pig":1,"minecraft:sheep":4,"minecraft:skeleton":5,"minecraft:zombie":7,"minecraft:chicken":1},"minecraft:mined":{"minecraft:dark_oak_planks":1,"minecraft:yellow_terracotta":2,"minecraft:tuff":11,"minecraft:deepslate_diamond_ore":4,"minecraft:light_gray_terracotta":2,"minecraft:crafting_table":5,"minecraft:torch":2,"minecraft:cave_vines_plant":2,"minecraft:dark_oak_fence":2,"minecraft:melon":1,"minecraft:jungle_planks":2,"minecraft:jungle_log":1,"minecraft:cobblestone":12,"minecraft:tall_grass":2,"minecraft:deepslate_gold_ore":12,"minecraft:lapis_ore":4,"minecraft:sugar_cane":1,"minecraft:moss_block":7,"minecraft:diorite":1,"minecraft:rooted_dirt":4,"minecraft:wall_torch":4,"minecraft:white_terracotta":1,"minecraft:cactus":1,"minecraft:furnace":2,"minecraft:iron_ore":77,"minecraft:vine":2,"minecraft:grass":9,"minecraft:flowering_azalea_leaves":1,"minecraft:coal_ore":37,"minecraft:oak_log":24,"minecraft:cave_vines":2,"minecraft:deepslate_iron_ore":15,"minecraft:dirt":3,"minecraft:brown_terracotta":2,"minecraft:terracotta":1,"minecraft:stone":141,"minecraft:gold_ore":9,"minecraft:deepslate":33},"minecraft:custom":{"minecraft:interact_with_furnace":26,"minecraft:mob_kills":18,"minecraft:interact_with_crafting_table":20,"minecraft:leave_game":3,"minecraft:time_since_death":60899,"minecraft:climb_one_cm":1358,"minecraft:time_since_rest":60899,"minecraft:sprint_one_cm":118650,"minecraft:damage_taken":1572,"minecraft:walk_one_cm":64985,"minecraft:drop":33,"minecraft:damage_dealt":2975,"minecraft:swim_one_cm":5559,"minecraft:fly_one_cm":283217,"minecraft:crouch_one_cm":10947,"minecraft:play_time":60899,"minecraft:sneak_time":4467,"minecraft:walk_under_water_one_cm":1009,"minecraft:boat_one_cm":55614,"minecraft:jump":1521,"minecraft:walk_on_water_one_cm":9308,"minecraft:total_world_time":60899,"minecraft:fall_one_cm":53116}},"DataVersion":3465}