{"stats":{"minecraft:picked_up":{"minecraft:stick":6,"minecraft:crafting_table":1,"minecraft:wooden_pickaxe":1,"minecraft:porkchop":7,"minecraft:oak_log":6,"minecraft:diorite":1,"minecraft:dirt":3,"minecraft:wheat_seeds":4,"minecraft:sugar_cane":3,"minecraft:cobblestone":14},"minecraft:used":{"minecraft:diorite":1,"minecraft:wooden_pickaxe":19,"minecraft:stone_axe":7,"minecraft:dirt":3,"minecraft:crafting_table":2},"minecraft:dropped":{"minecraft:porkchop":2,"minecraft:wheat_seeds":4,"minecraft:wooden_pickaxe":3,"minecraft:stick":6},"minecraft:crafted":{"minecraft:oak_planks":24,"minecraft:crafting_table":1,"minecraft:stick":8,"minecraft:wooden_pickaxe":2,"minecraft:stone_pickaxe":1,"minecraft:stone_axe":1},"minecraft:killed":{"minecraft:pig":3},"minecraft:mined":{"minecraft:crafting_table":1,"minecraft:grass":2,"minecraft:grass_block":1,"minecraft:oak_log":6,"minecraft:dead_bush":6,"minecraft:dirt":2,"minecraft:stone":15,"minecraft:sugar_cane":2,"minecraft:diorite":1,"minecraft:oak_leaves":3},"minecraft:custom":{"minecraft:time_since_rest":5559,"minecraft:sprint_one_cm":19417,"minecraft:damage_taken":20,"minecraft:walk_one_cm":8990,"minecraft:mob_kills":3,"minecraft:drop":11,"minecraft:damage_dealt":300,"minecraft:swim_one_cm":263,"minecraft:interact_with_crafting_table":5,"minecraft:fly_one_cm":47440,"minecraft:crouch_one_cm":98,"minecraft:play_time":5559,"minecraft:sneak_time":59,"minecraft:walk_under_water_one_cm":42,"minecraft:jump":188,"minecraft:leave_game":1,"minecraft:walk_on_water_one_cm":753,"minecraft:time_since_death":5559,"minecraft:total_world_time":5559,"minecraft:fall_one_cm":5676}},"DataVersion":3465}