{"stats":{"minecraft:picked_up":{"minecraft:wooden_axe":3,"minecraft:zombie_spawn_egg":1,"minecraft:rotten_flesh":3,"minecraft:mossy_stone_bricks":2,"minecraft:light":2},"minecraft:used":{"minecraft:stone_bricks":31,"minecraft:netherite_sword":2,"minecraft:glowstone":22,"minecraft:cracked_stone_bricks":32,"minecraft:mossy_stone_bricks":50,"minecraft:light":13,"minecraft:mossy_cobblestone":67,"minecraft:sand":133,"minecraft:cobblestone":53,"minecraft:grass_block":285,"minecraft:spruce_stairs":6,"minecraft:poppy":2,"minecraft:stone_stairs":12,"minecraft:spruce_planks":18,"minecraft:stone":782,"minecraft:zombie_spawn_egg":6,"minecraft:spruce_fence":97,"minecraft:beacon":2},"minecraft:killed":{"minecraft:zombie":1},"minecraft:custom":{"minecraft:time_since_rest":71079,"minecraft:crouch_one_cm":9853,"minecraft:play_time":95622,"minecraft:sprint_one_cm":28575,"minecraft:deaths":5,"minecraft:damage_taken":20,"minecraft:walk_one_cm":51082,"minecraft:sneak_time":3280,"minecraft:trigger_trapped_chest":3,"minecraft:mob_kills":1,"minecraft:jump":197,"minecraft:damage_dealt":205,"minecraft:leave_game":6,"minecraft:time_since_death":71054,"minecraft:interact_with_beacon":2,"minecraft:total_world_time":95622,"minecraft:fall_one_cm":381,"minecraft:fly_one_cm":309754}},"DataVersion":3465}