{"stats":{"minecraft:custom":{"minecraft:time_since_rest":7938,"minecraft:deaths":5,"minecraft:crouch_one_cm":510,"minecraft:walk_one_cm":26889,"minecraft:play_time":32481,"minecraft:sprint_one_cm":17012,"minecraft:damage_taken":20,"minecraft:sneak_time":439,"minecraft:mob_kills":1,"minecraft:jump":74,"minecraft:damage_dealt":199,"minecraft:leave_game":2,"minecraft:time_since_death":7913,"minecraft:interact_with_beacon":2,"minecraft:total_world_time":32481,"minecraft:fall_one_cm":381,"minecraft:fly_one_cm":109581},"minecraft:killed":{"minecraft:zombie":1},"minecraft:picked_up":{"minecraft:wooden_axe":3,"minecraft:rotten_flesh":3,"minecraft:mossy_stone_bricks":2},"minecraft:used":{"minecraft:mossy_stone_bricks":48,"minecraft:netherite_sword":2,"minecraft:sand":100,"minecraft:grass_block":266,"minecraft:spruce_planks":18,"minecraft:stone":82,"minecraft:beacon":2}},"DataVersion":3465}