{"stats":{"minecraft:picked_up":{"minecraft:wooden_axe":3,"minecraft:zombie_spawn_egg":1,"minecraft:rotten_flesh":3,"minecraft:mossy_stone_bricks":2,"minecraft:light":2},"minecraft:used":{"minecraft:stone_bricks":31,"minecraft:netherite_sword":2,"minecraft:cracked_stone_bricks":32,"minecraft:glowstone":22,"minecraft:mossy_stone_bricks":50,"minecraft:light":13,"minecraft:mossy_cobblestone":67,"minecraft:sand":120,"minecraft:cobblestone":53,"minecraft:grass_block":285,"minecraft:spruce_stairs":6,"minecraft:stone_stairs":12,"minecraft:spruce_planks":18,"minecraft:stone":782,"minecraft:zombie_spawn_egg":6,"minecraft:spruce_fence":97,"minecraft:beacon":2},"minecraft:killed":{"minecraft:zombie":1},"minecraft:custom":{"minecraft:time_since_rest":37681,"minecraft:crouch_one_cm":9473,"minecraft:play_time":62224,"minecraft:sprint_one_cm":25177,"minecraft:deaths":5,"minecraft:damage_taken":20,"minecraft:walk_one_cm":44639,"minecraft:sneak_time":2967,"minecraft:trigger_trapped_chest":3,"minecraft:mob_kills":1,"minecraft:jump":138,"minecraft:damage_dealt":205,"minecraft:leave_game":3,"minecraft:time_since_death":37656,"minecraft:interact_with_beacon":2,"minecraft:total_world_time":62224,"minecraft:fall_one_cm":381,"minecraft:fly_one_cm":233614}},"DataVersion":3465}