{"stats":{"minecraft:killed":{"minecraft:zombie":1},"minecraft:picked_up":{"minecraft:wooden_axe":3,"minecraft:rotten_flesh":3,"minecraft:mossy_stone_bricks":2},"minecraft:custom":{"minecraft:time_since_rest":1938,"minecraft:walk_one_cm":21444,"minecraft:crouch_one_cm":448,"minecraft:damage_taken":20,"minecraft:play_time":26481,"minecraft:sprint_one_cm":7653,"minecraft:deaths":5,"minecraft:sneak_time":280,"minecraft:mob_kills":1,"minecraft:jump":62,"minecraft:damage_dealt":199,"minecraft:leave_game":2,"minecraft:time_since_death":1913,"minecraft:interact_with_beacon":2,"minecraft:total_world_time":26481,"minecraft:fall_one_cm":381,"minecraft:fly_one_cm":55251},"minecraft:used":{"minecraft:mossy_stone_bricks":46,"minecraft:netherite_sword":2,"minecraft:sand":41,"minecraft:grass_block":124,"minecraft:spruce_planks":18,"minecraft:beacon":2}},"DataVersion":3465}