{"stats":{"minecraft:custom":{"minecraft:jump":27,"minecraft:time_since_rest":6000,"minecraft:damage_dealt":199,"minecraft:crouch_one_cm":249,"minecraft:sprint_one_cm":1587,"minecraft:play_time":6000,"minecraft:damage_taken":20,"minecraft:time_since_death":6000,"minecraft:walk_one_cm":2354,"minecraft:sneak_time":97,"minecraft:total_world_time":6000,"minecraft:mob_kills":1,"minecraft:fall_one_cm":381,"minecraft:fly_one_cm":24195},"minecraft:picked_up":{"minecraft:rotten_flesh":3},"minecraft:used":{"minecraft:netherite_sword":2,"minecraft:sand":37},"minecraft:killed":{"minecraft:zombie":1}},"DataVersion":3465}