{"stats":{"minecraft:custom":{"minecraft:time_since_rest":19938,"minecraft:deaths":5,"minecraft:crouch_one_cm":8786,"minecraft:walk_one_cm":39984,"minecraft:play_time":44481,"minecraft:sprint_one_cm":24712,"minecraft:damage_taken":20,"minecraft:sneak_time":2563,"minecraft:mob_kills":1,"minecraft:jump":122,"minecraft:damage_dealt":199,"minecraft:leave_game":2,"minecraft:time_since_death":19913,"minecraft:interact_with_beacon":2,"minecraft:total_world_time":44481,"minecraft:fall_one_cm":381,"minecraft:fly_one_cm":166530},"minecraft:killed":{"minecraft:zombie":1},"minecraft:picked_up":{"minecraft:wooden_axe":3,"minecraft:rotten_flesh":3,"minecraft:mossy_stone_bricks":2,"minecraft:light":2},"minecraft:used":{"minecraft:stone_bricks":31,"minecraft:glowstone":22,"minecraft:cracked_stone_bricks":32,"minecraft:mossy_stone_bricks":48,"minecraft:netherite_sword":2,"minecraft:light":13,"minecraft:mossy_cobblestone":43,"minecraft:sand":100,"minecraft:cobblestone":46,"minecraft:grass_block":285,"minecraft:spruce_planks":18,"minecraft:stone":767,"minecraft:beacon":2}},"DataVersion":3465}