{"stats":{"minecraft:picked_up":{"minecraft:leather":1,"minecraft:hay_block":60,"minecraft:beef":3,"minecraft:sand":4,"minecraft:blast_furnace":1,"minecraft:brewing_stand":1},"minecraft:used":{"minecraft:stone_axe":2,"minecraft:sand":4,"minecraft:stone_pickaxe":3,"minecraft:cooked_beef":3},"minecraft:killed":{"minecraft:cow":1},"minecraft:mined":{"minecraft:hay_block":59,"minecraft:blast_furnace":1,"minecraft:dead_bush":1,"minecraft:sand":4,"minecraft:brewing_stand":1},"minecraft:custom":{"minecraft:open_chest":4,"minecraft:time_since_rest":11519,"minecraft:crouch_one_cm":6302,"minecraft:play_time":15485,"minecraft:sprint_one_cm":35055,"minecraft:damage_taken":96,"minecraft:walk_one_cm":17954,"minecraft:sneak_time":1559,"minecraft:walk_under_water_one_cm":444,"minecraft:mob_kills":1,"minecraft:jump":292,"minecraft:damage_dealt":106,"minecraft:leave_game":1,"minecraft:walk_on_water_one_cm":707,"minecraft:time_since_death":15485,"minecraft:sleep_in_bed":1,"minecraft:total_world_time":15485,"minecraft:swim_one_cm":3083,"minecraft:talked_to_villager":1,"minecraft:fall_one_cm":12226,"minecraft:fly_one_cm":90458}},"DataVersion":3465}