{"stats":{"minecraft:picked_up":{"minecraft:crafting_table":1,"minecraft:leather":1,"minecraft:smithing_table":1,"minecraft:acacia_wood":13,"minecraft:brewing_stand":2,"minecraft:acacia_door":1,"minecraft:wheat_seeds":4,"minecraft:cartography_table":2,"minecraft:grindstone":1,"minecraft:beef":3,"minecraft:lectern":2,"minecraft:melon_slice":44,"minecraft:acacia_sapling":9,"minecraft:book":51,"minecraft:stick":3,"minecraft:raw_iron":10,"minecraft:torch":4,"minecraft:acacia_log":69,"minecraft:green_bed":1,"minecraft:sand":4,"minecraft:pointed_dripstone":2,"minecraft:blast_furnace":2,"minecraft:rotten_flesh":2,"minecraft:stone_axe":2,"minecraft:hay_block":155,"minecraft:glow_berries":1,"minecraft:cobblestone":10},"minecraft:used":{"minecraft:stone_pickaxe":16,"minecraft:wooden_pickaxe":11,"minecraft:cooked_chicken":1,"minecraft:torch":3,"minecraft:sand":4,"minecraft:crafting_table":2,"minecraft:blast_furnace":1,"minecraft:wooden_axe":3,"minecraft:bread":1,"minecraft:melon_slice":7,"minecraft:stone_axe":16,"minecraft:cooked_beef":5,"minecraft:golden_axe":5},"minecraft:broken":{"minecraft:golden_axe":1,"minecraft:wooden_axe":1},"minecraft:dropped":{"minecraft:stone_axe":2,"minecraft:wheat_seeds":4,"minecraft:rotten_flesh":2,"minecraft:stick":1,"minecraft:torch":1,"minecraft:acacia_sapling":9,"minecraft:acacia_door":1},"minecraft:crafted":{"minecraft:crafting_table":1,"minecraft:wooden_pickaxe":1,"minecraft:stick":12,"minecraft:stone_pickaxe":1,"minecraft:wooden_axe":1,"minecraft:acacia_planks":24},"minecraft:killed":{"minecraft:zombie":1,"minecraft:cow":1},"minecraft:mined":{"minecraft:smithing_table":1,"minecraft:brewing_stand":2,"minecraft:crafting_table":1,"minecraft:cave_vines_plant":1,"minecraft:blast_furnace":2,"minecraft:acacia_log":10,"minecraft:melon":10,"minecraft:dead_bush":1,"minecraft:lectern":2,"minecraft:tall_grass":3,"minecraft:grindstone":1,"minecraft:cartography_table":2,"minecraft:wall_torch":1,"minecraft:hay_block":154,"minecraft:iron_ore":10,"minecraft:acacia_wood":1,"minecraft:grass":31,"minecraft:bookshelf":17,"minecraft:pointed_dripstone":2,"minecraft:sand":4,"minecraft:stone":10,"minecraft:green_bed":1},"minecraft:custom":{"minecraft:mob_kills":2,"minecraft:interact_with_cartography_table":3,"minecraft:interact_with_crafting_table":5,"minecraft:leave_game":1,"minecraft:time_since_death":12421,"minecraft:sleep_in_bed":2,"minecraft:climb_one_cm":9,"minecraft:time_since_rest":12441,"minecraft:sprint_one_cm":110171,"minecraft:damage_taken":571,"minecraft:walk_one_cm":57926,"minecraft:drop":17,"minecraft:damage_dealt":374,"minecraft:talked_to_villager":1,"minecraft:swim_one_cm":3083,"minecraft:fly_one_cm":254823,"minecraft:open_chest":15,"minecraft:crouch_one_cm":21912,"minecraft:play_time":39478,"minecraft:deaths":1,"minecraft:sneak_time":6887,"minecraft:walk_under_water_one_cm":1493,"minecraft:jump":853,"minecraft:interact_with_blast_furnace":4,"minecraft:walk_on_water_one_cm":5861,"minecraft:total_world_time":39478,"minecraft:fall_one_cm":33817,"minecraft:horse_one_cm":1231}},"DataVersion":3465}