{"stats":{"minecraft:picked_up":{"minecraft:hay_block":60,"minecraft:brewing_stand":1,"minecraft:blast_furnace":1},"minecraft:used":{"minecraft:stone_pickaxe":2,"minecraft:cooked_beef":1},"minecraft:mined":{"minecraft:hay_block":59,"minecraft:blast_furnace":1,"minecraft:dead_bush":1,"minecraft:brewing_stand":1},"minecraft:custom":{"minecraft:open_chest":3,"minecraft:time_since_rest":5519,"minecraft:crouch_one_cm":6302,"minecraft:play_time":9485,"minecraft:sprint_one_cm":13222,"minecraft:damage_taken":66,"minecraft:walk_one_cm":10397,"minecraft:sneak_time":1509,"minecraft:jump":90,"minecraft:damage_dealt":6,"minecraft:leave_game":1,"minecraft:time_since_death":9485,"minecraft:sleep_in_bed":1,"minecraft:total_world_time":9485,"minecraft:talked_to_villager":1,"minecraft:fall_one_cm":3669,"minecraft:fly_one_cm":24010}},"DataVersion":3465}