{"stats":{"minecraft:picked_up":{"minecraft:iron_chestplate":1,"minecraft:crafting_table":7,"minecraft:clay_ball":8,"minecraft:andesite":4,"minecraft:jungle_log":12,"minecraft:leather":1,"minecraft:smithing_table":1,"minecraft:acacia_wood":49,"minecraft:brewing_stand":6,"minecraft:golden_boots":1,"minecraft:map":21,"minecraft:paper":21,"minecraft:iron_axe":3,"minecraft:acacia_door":1,"minecraft:bone":2,"minecraft:acacia_planks":2,"minecraft:wheat_seeds":4,"minecraft:cartography_table":2,"minecraft:cobbled_deepslate":40,"minecraft:iron_ingot":15,"minecraft:grindstone":1,"minecraft:beef":3,"minecraft:stone_pickaxe":4,"minecraft:oak_boat":1,"minecraft:moss_block":5,"minecraft:azalea":2,"minecraft:bamboo":23,"minecraft:jungle_sapling":2,"minecraft:iron_pickaxe":4,"minecraft:lectern":5,"minecraft:melon_slice":192,"minecraft:acacia_sapling":9,"minecraft:iron_boots":4,"minecraft:furnace":2,"minecraft:book":147,"minecraft:stick":5,"minecraft:raw_iron":42,"minecraft:jungle_planks":6,"minecraft:torch":4,"minecraft:acacia_log":213,"minecraft:green_bed":1,"minecraft:sand":4,"minecraft:pointed_dripstone":10,"minecraft:blast_furnace":9,"minecraft:rotten_flesh":4,"minecraft:diamond":2,"minecraft:stone_axe":2,"minecraft:hay_block":323,"minecraft:gold_ingot":12,"minecraft:coal":7,"minecraft:glow_berries":5,"minecraft:cobblestone":46},"minecraft:used":{"minecraft:acacia_boat":1,"minecraft:stone_pickaxe":19,"minecraft:wooden_pickaxe":11,"minecraft:green_bed":1,"minecraft:cooked_chicken":1,"minecraft:torch":7,"minecraft:glow_berries":1,"minecraft:sand":4,"minecraft:crafting_table":4,"minecraft:blast_furnace":3,"minecraft:wooden_axe":3,"minecraft:jungle_log":1,"minecraft:iron_axe":23,"minecraft:bread":5,"minecraft:melon_slice":29,"minecraft:iron_pickaxe":91,"minecraft:iron_boots":1,"minecraft:stone_axe":16,"minecraft:cobblestone":6,"minecraft:cooked_beef":5,"minecraft:cobbled_deepslate":3,"minecraft:acacia_planks":3,"minecraft:golden_axe":5},"minecraft:broken":{"minecraft:golden_axe":1,"minecraft:wooden_axe":1},"minecraft:dropped":{"minecraft:golden_boots":1,"minecraft:stone_axe":2,"minecraft:wheat_seeds":4,"minecraft:cobblestone":1,"minecraft:rotten_flesh":4,"minecraft:stick":2,"minecraft:hay_block":21,"minecraft:torch":1,"minecraft:azalea":2,"minecraft:acacia_sapling":9,"minecraft:acacia_door":1},"minecraft:crafted":{"minecraft:crafting_table":1,"minecraft:wooden_pickaxe":1,"minecraft:iron_helmet":1,"minecraft:bread":63,"minecraft:acacia_boat":1,"minecraft:air":0,"minecraft:jungle_planks":44,"minecraft:iron_chestplate":1,"minecraft:iron_boots":1,"minecraft:shield":1,"minecraft:iron_axe":1,"minecraft:stick":12,"minecraft:iron_ingot":42,"minecraft:iron_pickaxe":1,"minecraft:stone_pickaxe":1,"minecraft:wooden_axe":1,"minecraft:iron_leggings":1,"minecraft:acacia_planks":32,"minecraft:torch":4,"minecraft:wheat":189},"minecraft:killed_by":{"minecraft:skeleton":4},"minecraft:killed":{"minecraft:skeleton":2,"minecraft:zombie":3,"minecraft:cow":1},"minecraft:mined":{"minecraft:smithing_table":1,"minecraft:kelp_plant":1,"minecraft:brewing_stand":2,"minecraft:crafting_table":4,"minecraft:cave_vines_plant":1,"minecraft:blast_furnace":5,"minecraft:acacia_log":10,"minecraft:jungle_planks":5,"minecraft:melon":10,"minecraft:jungle_log":1,"minecraft:dead_bush":1,"minecraft:lectern":2,"minecraft:tall_grass":6,"minecraft:grindstone":1,"minecraft:cartography_table":2,"minecraft:sculk":15,"minecraft:wall_torch":1,"minecraft:hay_block":154,"minecraft:furnace":2,"minecraft:iron_ore":42,"minecraft:acacia_wood":1,"minecraft:grass":32,"minecraft:sculk_shrieker":1,"minecraft:bookshelf":17,"minecraft:pointed_dripstone":2,"minecraft:coal_ore":3,"minecraft:cave_vines":2,"minecraft:vine":1,"minecraft:deepslate_iron_ore":2,"minecraft:sand":4,"minecraft:bamboo":3,"minecraft:stone":40,"minecraft:gold_ore":5,"minecraft:deepslate":8,"minecraft:green_bed":1},"minecraft:custom":{"minecraft:interact_with_furnace":7,"minecraft:mob_kills":6,"minecraft:interact_with_cartography_table":3,"minecraft:interact_with_crafting_table":20,"minecraft:leave_game":1,"minecraft:time_since_death":28802,"minecraft:sleep_in_bed":3,"minecraft:climb_one_cm":350,"minecraft:time_since_rest":28827,"minecraft:sprint_one_cm":157416,"minecraft:damage_taken":2079,"minecraft:walk_one_cm":119777,"minecraft:drop":24,"minecraft:damage_dealt":1143,"minecraft:talked_to_villager":1,"minecraft:swim_one_cm":8032,"minecraft:fly_one_cm":349821,"minecraft:open_chest":19,"minecraft:crouch_one_cm":33042,"minecraft:play_time":75478,"minecraft:deaths":5,"minecraft:sneak_time":11085,"minecraft:walk_under_water_one_cm":6099,"minecraft:boat_one_cm":81643,"minecraft:jump":1523,"minecraft:interact_with_blast_furnace":32,"minecraft:walk_on_water_one_cm":15422,"minecraft:total_world_time":75478,"minecraft:fall_one_cm":48995,"minecraft:horse_one_cm":1231}},"DataVersion":3465}