{"stats":{"minecraft:picked_up":{"minecraft:book":27,"minecraft:stick":3,"minecraft:leather":1,"minecraft:smithing_table":1,"minecraft:torch":1,"minecraft:acacia_log":28,"minecraft:sand":4,"minecraft:brewing_stand":1,"minecraft:blast_furnace":1,"minecraft:rotten_flesh":2,"minecraft:stone_axe":2,"minecraft:wheat_seeds":1,"minecraft:hay_block":113,"minecraft:beef":3,"minecraft:grindstone":1,"minecraft:lectern":1,"minecraft:acacia_sapling":9},"minecraft:used":{"minecraft:stone_pickaxe":4,"minecraft:cooked_chicken":1,"minecraft:stone_axe":16,"minecraft:torch":1,"minecraft:sand":4,"minecraft:cooked_beef":5,"minecraft:golden_axe":5},"minecraft:broken":{"minecraft:golden_axe":1},"minecraft:dropped":{"minecraft:stone_axe":2,"minecraft:wheat_seeds":1,"minecraft:acacia_sapling":9,"minecraft:rotten_flesh":2,"minecraft:stick":1},"minecraft:killed":{"minecraft:zombie":1,"minecraft:cow":1},"minecraft:mined":{"minecraft:smithing_table":1,"minecraft:hay_block":112,"minecraft:brewing_stand":1,"minecraft:acacia_log":4,"minecraft:grass":10,"minecraft:blast_furnace":1,"minecraft:bookshelf":9,"minecraft:dead_bush":1,"minecraft:sand":4,"minecraft:lectern":1,"minecraft:tall_grass":1,"minecraft:grindstone":1,"minecraft:wall_torch":1},"minecraft:custom":{"minecraft:time_since_rest":441,"minecraft:sprint_one_cm":73457,"minecraft:damage_taken":511,"minecraft:walk_one_cm":40942,"minecraft:mob_kills":2,"minecraft:drop":12,"minecraft:damage_dealt":306,"minecraft:swim_one_cm":3083,"minecraft:talked_to_villager":1,"minecraft:fly_one_cm":184416,"minecraft:open_chest":10,"minecraft:crouch_one_cm":13449,"minecraft:play_time":27478,"minecraft:deaths":1,"minecraft:sneak_time":3341,"minecraft:walk_under_water_one_cm":444,"minecraft:jump":620,"minecraft:leave_game":1,"minecraft:time_since_death":421,"minecraft:walk_on_water_one_cm":707,"minecraft:sleep_in_bed":2,"minecraft:total_world_time":27478,"minecraft:fall_one_cm":26654,"minecraft:horse_one_cm":1231}},"DataVersion":3465}