{"stats":{"minecraft:picked_up":{"minecraft:iron_chestplate":1,"minecraft:crafting_table":6,"minecraft:leather":1,"minecraft:smithing_table":1,"minecraft:acacia_wood":49,"minecraft:brewing_stand":6,"minecraft:map":21,"minecraft:paper":21,"minecraft:iron_axe":3,"minecraft:acacia_door":1,"minecraft:acacia_planks":2,"minecraft:wheat_seeds":4,"minecraft:cartography_table":2,"minecraft:cobbled_deepslate":40,"minecraft:grindstone":1,"minecraft:beef":3,"minecraft:stone_pickaxe":4,"minecraft:iron_pickaxe":4,"minecraft:lectern":5,"minecraft:melon_slice":192,"minecraft:acacia_sapling":9,"minecraft:iron_boots":4,"minecraft:book":147,"minecraft:stick":3,"minecraft:raw_iron":20,"minecraft:torch":4,"minecraft:acacia_log":213,"minecraft:green_bed":1,"minecraft:sand":4,"minecraft:pointed_dripstone":10,"minecraft:blast_furnace":8,"minecraft:rotten_flesh":4,"minecraft:stone_axe":2,"minecraft:hay_block":323,"minecraft:glow_berries":5,"minecraft:cobblestone":14},"minecraft:used":{"minecraft:acacia_boat":1,"minecraft:stone_pickaxe":19,"minecraft:wooden_pickaxe":11,"minecraft:green_bed":1,"minecraft:cooked_chicken":1,"minecraft:torch":3,"minecraft:glow_berries":1,"minecraft:sand":4,"minecraft:crafting_table":3,"minecraft:blast_furnace":2,"minecraft:wooden_axe":3,"minecraft:iron_axe":8,"minecraft:bread":3,"minecraft:melon_slice":15,"minecraft:iron_pickaxe":25,"minecraft:iron_boots":1,"minecraft:stone_axe":16,"minecraft:cobblestone":6,"minecraft:cooked_beef":5,"minecraft:golden_axe":5},"minecraft:broken":{"minecraft:golden_axe":1,"minecraft:wooden_axe":1},"minecraft:dropped":{"minecraft:stone_axe":2,"minecraft:wheat_seeds":4,"minecraft:cobblestone":1,"minecraft:rotten_flesh":4,"minecraft:stick":1,"minecraft:torch":1,"minecraft:acacia_sapling":9,"minecraft:acacia_door":1},"minecraft:crafted":{"minecraft:crafting_table":1,"minecraft:wooden_pickaxe":1,"minecraft:acacia_boat":1,"minecraft:air":0,"minecraft:iron_chestplate":1,"minecraft:iron_boots":1,"minecraft:iron_axe":1,"minecraft:stick":12,"minecraft:iron_ingot":18,"minecraft:iron_pickaxe":1,"minecraft:stone_pickaxe":1,"minecraft:wooden_axe":1,"minecraft:acacia_planks":32},"minecraft:killed_by":{"minecraft:skeleton":4},"minecraft:killed":{"minecraft:skeleton":1,"minecraft:zombie":3,"minecraft:cow":1},"minecraft:mined":{"minecraft:smithing_table":1,"minecraft:brewing_stand":2,"minecraft:crafting_table":3,"minecraft:cave_vines_plant":1,"minecraft:blast_furnace":4,"minecraft:acacia_log":10,"minecraft:melon":10,"minecraft:dead_bush":1,"minecraft:lectern":2,"minecraft:tall_grass":3,"minecraft:grindstone":1,"minecraft:cartography_table":2,"minecraft:sculk":15,"minecraft:wall_torch":1,"minecraft:hay_block":154,"minecraft:iron_ore":18,"minecraft:acacia_wood":1,"minecraft:grass":31,"minecraft:sculk_shrieker":1,"minecraft:bookshelf":17,"minecraft:pointed_dripstone":2,"minecraft:cave_vines":2,"minecraft:deepslate_iron_ore":2,"minecraft:sand":4,"minecraft:stone":10,"minecraft:deepslate":8,"minecraft:green_bed":1},"minecraft:custom":{"minecraft:mob_kills":5,"minecraft:interact_with_cartography_table":3,"minecraft:interact_with_crafting_table":12,"minecraft:leave_game":1,"minecraft:time_since_death":4802,"minecraft:sleep_in_bed":3,"minecraft:climb_one_cm":9,"minecraft:time_since_rest":4827,"minecraft:sprint_one_cm":118814,"minecraft:damage_taken":1877,"minecraft:walk_one_cm":80051,"minecraft:drop":20,"minecraft:damage_dealt":1006,"minecraft:talked_to_villager":1,"minecraft:swim_one_cm":4066,"minecraft:fly_one_cm":264320,"minecraft:open_chest":15,"minecraft:crouch_one_cm":26882,"minecraft:play_time":51478,"minecraft:deaths":5,"minecraft:sneak_time":8841,"minecraft:walk_under_water_one_cm":4169,"minecraft:boat_one_cm":32817,"minecraft:jump":1019,"minecraft:interact_with_blast_furnace":9,"minecraft:walk_on_water_one_cm":10491,"minecraft:total_world_time":51478,"minecraft:fall_one_cm":37443,"minecraft:horse_one_cm":1231}},"DataVersion":3465}