{"stats":{"minecraft:picked_up":{"minecraft:oak_log":8,"minecraft:diorite":2,"minecraft:dirt":3,"minecraft:cobblestone":24},"minecraft:used":{"minecraft:diorite":2,"minecraft:dirt":3,"minecraft:cobblestone":1,"minecraft:crafting_table":1,"minecraft:stone_shovel":1,"minecraft:stone_pickaxe":3,"minecraft:wooden_pickaxe":23},"minecraft:crafted":{"minecraft:furnace":2,"minecraft:oak_planks":32,"minecraft:stone_shovel":1,"minecraft:crafting_table":1,"minecraft:stick":8,"minecraft:stone_pickaxe":1,"minecraft:wooden_pickaxe":1},"minecraft:killed_by":{"minecraft:husk":1},"minecraft:mined":{"minecraft:grass_block":2,"minecraft:oak_log":8,"minecraft:dead_bush":1,"minecraft:dirt":2,"minecraft:stone":24,"minecraft:diorite":2},"minecraft:custom":{"minecraft:time_since_rest":2930,"minecraft:open_chest":1,"minecraft:walk_one_cm":31908,"minecraft:crouch_one_cm":2551,"minecraft:damage_taken":435,"minecraft:play_time":11993,"minecraft:sprint_one_cm":33828,"minecraft:deaths":2,"minecraft:sneak_time":1077,"minecraft:jump":573,"minecraft:damage_dealt":52,"minecraft:time_since_death":2910,"minecraft:total_world_time":11993,"minecraft:interact_with_crafting_table":5,"minecraft:fall_one_cm":22496,"minecraft:fly_one_cm":143850}},"DataVersion":3465}